frame,timestamp,ball_x2d,ball_y2d,detected
230,3.837,,,0
232,3.871,4481,1469,1
234,3.904,4481,1469,1
236,3.937,4417,1408,1
238,3.971,4417,1408,1
240,4.004,2444,180,1
242,4.037,2444,180,1
244,4.071,4474,1433,1
246,4.104,4474,1433,1
248,4.137,2792,235,1
250,4.171,2792,235,1
252,4.204,2792,235,1
254,4.238,2792,235,1
256,4.271,2792,235,1
258,4.304,2792,235,1
508,8.475,2740,170,1
510,8.508,2740,170,1
512,8.542,2740,170,1
514,8.575,2748,172,1
516,8.609,2734,168,1
518,8.642,2734,168,1
520,8.675,2436,123,1
522,8.709,2436,123,1
524,8.742,2740,170,1
526,8.775,2748,172,1
528,8.809,2734,168,1
530,8.842,2734,168,1
532,8.876,2436,123,1
534,8.909,2436,123,1
536,8.942,2745,237,1
538,8.976,2745,237,1
540,9.009,2672,291,1
542,9.042,2672,291,1
544,9.076,,,0
546,9.109,,,0
548,9.142,,,0
550,9.176,,,0
552,9.209,,,0
554,9.243,,,0
556,9.276,,,0
558,9.309,,,0
560,9.343,,,0
562,9.376,,,0
564,9.409,,,0
566,9.443,,,0
568,9.476,,,0
570,9.51,,,0
572,9.543,,,0
574,9.576,2737,235,1
576,9.61,2737,235,1
578,9.643,,,0
580,9.676,,,0
582,9.71,,,0
584,9.743,,,0
586,9.776,,,0
588,9.81,,,0
590,9.843,,,0
592,9.877,,,0
594,9.91,,,0
596,9.943,,,0
598,9.977,2072,340,1
600,10.01,2075,340,1
602,10.043,2071,340,1
604,10.077,2073,340,1
606,10.11,2073,340,1
608,10.143,2072,340,1
610,10.177,2072,340,1
612,10.21,2072,340,1
614,10.244,2072,340,1
616,10.277,2072,340,1
618,10.31,2072,340,1
620,10.344,2072,340,1
622,10.377,2075,340,1
624,10.41,2071,340,1
626,10.444,,,0
628,10.477,,,0
630,10.511,,,0
632,10.544,,,0
634,10.577,,,0
636,10.611,,,0
638,10.644,,,0
640,10.677,,,0
642,10.711,,,0
644,10.744,,,0
646,10.777,,,0
648,10.811,,,0
650,10.844,,,0
652,10.878,,,0
654,10.911,,,0
656,10.944,,,0
658,10.978,3158,1237,1
660,11.011,3158,1237,1
662,11.044,,,0
664,11.078,,,0
666,11.111,,,0
668,11.144,,,0
670,11.178,,,0
672,11.211,,,0
674,11.245,,,0
676,11.278,,,0
678,11.311,,,0
680,11.345,,,0
682,11.378,,,0
684,11.411,,,0
686,11.445,,,0
688,11.478,,,0
690,11.511,,,0
692,11.545,2107,493,1
694,11.578,2150,508,1
696,11.612,1985,541,1
698,11.645,2004,550,1
700,11.678,2104,533,1
702,11.712,1981,559,1
704,11.745,2475,1016,1
706,11.778,2473,1016,1
708,11.812,2477,1015,1
710,11.845,2475,1016,1
712,11.879,2475,1016,1
714,11.912,2475,1016,1
716,11.945,2475,1016,1
718,11.979,544,974,1
720,12.012,544,974,1
722,12.045,544,974,1
724,12.079,543,973,1
726,12.112,544,974,1
728,12.145,,,0
730,12.179,543,973,1
732,12.212,544,974,1
734,12.246,543,973,1
736,12.279,544,974,1
738,12.312,543,973,1
740,12.346,544,974,1
742,12.379,547,975,1
744,12.412,544,974,1
746,12.446,,,0
748,12.479,,,0
750,12.513,,,0
752,12.546,,,0
754,12.579,,,0
756,12.613,,,0
758,12.646,,,0
760,12.679,1527,894,1
762,12.713,1527,894,1
764,12.746,,,0
766,12.779,,,0
768,12.813,,,0
770,12.846,,,0
772,12.88,,,0
774,12.913,,,0
776,12.946,2861,767,1
782,13.046,2864,769,1
784,13.08,2861,767,1
786,13.113,2861,767,1
788,13.146,2861,767,1
790,13.18,2861,767,1
792,13.213,2861,767,1
794,13.247,2851,768,1
796,13.28,2861,767,1
798,13.313,2851,768,1
800,13.347,2864,769,1
802,13.38,2854,770,1
804,13.413,2851,768,1
806,13.447,2851,768,1
808,13.48,2851,768,1
810,13.514,,,0
812,13.547,,,0
814,13.58,,,0
816,13.614,,,0
818,13.647,,,0
820,13.68,,,0
822,13.714,,,0
824,13.747,,,0
826,13.78,,,0
828,13.814,,,0
830,13.847,,,0
832,13.881,,,0
834,13.914,,,0
836,13.947,,,0
838,13.981,,,0
840,14.014,,,0
842,14.047,,,0
844,14.081,,,0
846,14.114,,,0
848,14.147,,,0
850,14.181,,,0
852,14.214,,,0
854,14.248,,,0
856,14.281,,,0
858,14.314,,,0
860,14.348,2020,1022,1
862,14.381,2020,1022,1
864,14.414,1433,1226,1
866,14.448,1433,1226,1
868,14.481,2031,1035,1
870,14.514,2031,1035,1
872,14.548,2294,1031,1
874,14.581,2294,1031,1
876,14.615,2294,1031,1
878,14.648,2294,1031,1
880,14.681,1970,1054,1
882,14.715,1970,1054,1
884,14.748,2294,1031,1
886,14.781,2294,1031,1
888,14.815,2294,1031,1
890,14.848,2294,1031,1
892,14.882,2294,1031,1
894,14.915,2294,1031,1
896,14.948,2294,1031,1
898,14.982,2294,1031,1
900,15.015,,,0
902,15.048,,,0
904,15.082,,,0
906,15.115,,,0
908,15.148,,,0
910,15.182,,,0
912,15.215,,,0
914,15.249,,,0
916,15.282,,,0
918,15.315,,,0
920,15.349,,,0
922,15.382,,,0
924,15.415,,,0
926,15.449,,,0
928,15.482,,,0
930,15.515,,,0
932,15.549,,,0
934,15.582,2151,711,1
936,15.616,2151,711,1
938,15.649,2151,711,1
940,15.682,2153,712,1
942,15.716,2153,712,1
944,15.749,953,788,1
946,15.782,953,788,1
948,15.816,,,0
950,15.849,,,0
952,15.883,,,0
954,15.916,,,0
956,15.949,,,0
958,15.983,,,0
960,16.016,124,411,1
962,16.049,124,411,1
964,16.083,,,0
966,16.116,,,0
968,16.149,936,492,1
970,16.183,936,492,1
972,16.216,,,0
974,16.25,,,0
976,16.283,1530,524,1
978,16.316,1530,524,1
980,16.35,,,0
982,16.383,,,0
984,16.416,,,0
986,16.45,,,0
988,16.483,,,0
990,16.517,,,0
992,16.55,,,0
994,16.583,,,0
996,16.617,2351,1342,1
998,16.65,2351,1342,1
1000,16.683,2354,1304,1
1002,16.717,2354,1304,1
1004,16.75,,,0
1006,16.783,,,0
1008,16.817,,,0
1010,16.85,,,0
1012,16.884,,,0
1014,16.917,48915,10655,1
1016,16.95,13320,4007,1
1018,16.984,8475,3107,1
1020,17.017,5855,1805,1
1022,17.05,4964,1730,1
1024,17.084,4645,1787,1
1026,17.117,4322,1782,1
1028,17.15,4075,1770,1
1030,17.184,3880,1764,1
1032,17.217,3720,1742,1
1034,17.251,3595,1727,1
1036,17.284,3495,1718,1
1038,17.317,3425,1715,1
1040,17.351,3384,1717,1
1042,17.384,3384,1717,1
1044,17.417,3384,1717,1
1046,17.451,2137,1179,1
1048,17.484,2137,1179,1
1050,17.518,,,0
1058,17.651,,,0
1060,17.684,,,0
1062,17.718,,,0
1064,17.751,,,0
1066,17.784,,,0
1068,17.818,,,0
1070,17.851,,,0
1072,17.885,,,0
1074,17.918,,,0
1076,17.951,414,1501,1
1078,17.985,430,1499,1
1080,18.018,414,1501,1
1082,18.051,402,1511,1
1084,18.085,418,1509,1
1086,18.118,427,1505,1
1088,18.151,427,1505,1
1090,18.185,845,1216,1
1092,18.218,845,1216,1
1094,18.252,920,1533,1
1096,18.285,920,1533,1
1098,18.318,763,1576,1
1100,18.352,763,1576,1
1102,18.385,818,1582,1
1104,18.418,818,1582,1
1106,18.452,1092,1552,1
1108,18.485,1092,1552,1
1110,18.518,1108,1558,1
1112,18.552,1108,1558,1
1114,18.585,1192,1536,1
1116,18.619,1192,1536,1
1118,18.652,2433,1181,1
1120,18.685,2433,1181,1
1122,18.719,2433,1181,1
1124,18.752,2433,1181,1
1126,18.785,2433,1181,1
1128,18.819,2433,1181,1
1130,18.852,2433,1181,1
1132,18.886,2433,1181,1
1134,18.919,2433,1181,1
1136,18.952,2433,1181,1
1138,18.986,2433,1181,1
1140,19.019,2433,1181,1
1142,19.052,2553,1237,1
1144,19.086,2544,1241,1
1146,19.119,,,0
1148,19.152,,,0
1150,19.186,,,0
1152,19.219,,,0
1154,19.253,,,0
1156,19.286,,,0
1158,19.319,,,0
1160,19.353,21,186,1
1162,19.386,11,189,1
1164,19.419,2,193,1
1166,19.453,,,0
1168,19.486,,,0
1170,19.52,,,0
1172,19.553,10,191,1
1174,19.586,166,127,1
1176,19.62,90,858,1
1190,19.853,68,890,1
1192,19.887,52,907,1
1194,19.92,52,907,1
1196,19.953,52,907,1
1198,19.987,1669,571,1
1200,20.02,1669,571,1
1202,20.053,274,456,1
1204,20.087,280,450,1
1206,20.12,2374,475,1
1208,20.153,2374,475,1
1210,20.187,330,442,1
1212,20.22,332,443,1
1214,20.254,347,438,1
1216,20.287,340,443,1
1218,20.32,409,1236,1
1224,20.42,409,1236,1
1226,20.454,1259,200,1
1228,20.487,1318,179,1
1230,20.521,,,0
1232,20.554,,,0
1234,20.587,1573,77,1
1236,20.621,,,0
1238,20.654,1761,5,1
1240,20.687,,,0
1242,20.721,184,795,1
1244,20.754,184,795,1
1246,20.787,768,441,1
1248,20.821,768,441,1
1250,20.854,872,351,1
1252,20.888,872,351,1
1284,21.421,,,0
1286,21.455,,,0
1288,21.488,,,0
1290,21.521,,,0
1292,21.555,,,0
1294,21.588,,,0
1296,21.622,251,977,1
1298,21.655,,,0
1300,21.688,,,0
1302,21.722,,,0
1304,21.755,,,0
1306,21.788,,,0
1308,21.822,,,0
1310,21.855,,,0
1312,21.889,,,0
1372,22.89,,,0
1374,22.923,,,0
1376,22.956,,,0
1378,22.99,,,0
1380,23.023,,,0
1382,23.056,,,0
1384,23.09,,,0
1386,23.123,,,0
1388,23.156,,,0
1390,23.19,,,0
1392,23.223,,,0
1394,23.257,647,868,1
1396,23.29,647,868,1
1398,23.323,624,864,1
1400,23.357,624,864,1
1476,24.625,,,0
1478,24.658,,,0
1480,24.691,,,0
1482,24.725,,,0
1484,24.758,,,0
1486,24.791,,,0
1488,24.825,,,0
1490,24.858,,,0
1492,24.892,,,0
1494,24.925,,,0
1496,24.958,,,0
1498,24.992,,,0
1500,25.025,,,0
1502,25.058,,,0
1504,25.092,,,0
1508,25.158,,,0
1510,25.192,,,0
1512,25.225,,,0
1514,25.259,1538,1155,1
1516,25.292,1580,1175,1
1518,25.325,1652,1162,1
1520,25.359,1182,329,1
1522,25.392,1182,329,1
1524,25.425,,,0
1526,25.459,,,0
1528,25.492,,,0
1530,25.526,,,0
1532,25.559,,,0
1534,25.592,198,1175,1
1536,25.626,12,943,1
1552,25.893,12,943,1
1554,25.926,2396,680,1
1556,25.959,,,0
1558,25.993,422,952,1
1560,26.026,422,952,1
1562,26.059,374,964,1
1564,26.093,496,941,1
1566,26.126,109,737,1
1568,26.159,109,737,1
1570,26.193,483,945,1
1572,26.226,703,928,1
1574,26.26,417,406,1
1576,26.293,417,406,1
1578,26.326,246,1704,1
1580,26.36,246,1704,1
2118,35.335,,,0
2120,35.369,,,0
2122,35.402,2981,871,1
2124,35.435,2950,871,1
2126,35.469,,,0
2128,35.502,,,0
2130,35.535,2853,874,1
2132,35.569,,,0
2134,35.602,2820,737,1
2136,35.636,2745,763,1
2138,35.669,,,0
2140,35.702,,,0
2142,35.736,,,0
2144,35.769,,,0
2146,35.802,644,1298,1
2156,35.969,640,1293,1
2158,36.003,639,1293,1
2160,36.036,638,1292,1
2162,36.069,637,1291,1
2164,36.103,636,1290,1
2166,36.136,635,1289,1
2168,36.169,634,1288,1
2170,36.203,632,1287,1
2172,36.236,631,1286,1
2174,36.27,630,1285,1
2176,36.303,629,1284,1
2178,36.336,628,1283,1
2180,36.37,627,1282,1
2182,36.403,626,1282,1
2184,36.436,624,1278,1
2186,36.47,623,1276,1
2188,36.503,623,1275,1
2190,36.537,622,1275,1
2192,36.57,621,1273,1
2194,36.603,621,1273,1
2196,36.637,621,1273,1
2198,36.67,621,1273,1
2200,36.703,267,1067,1
2202,36.737,247,1053,1
2204,36.77,228,1039,1
2206,36.803,204,1021,1
2208,36.837,181,1005,1
2210,36.87,154,985,1
2212,36.904,124,966,1
2214,36.937,90,930,1
2220,37.037,,,0
2222,37.07,,,0
2224,37.104,,,0
2226,37.137,,,0
2228,37.17,,,0
2230,37.204,,,0
2232,37.237,,,0
2234,37.271,,,0
2236,37.304,,,0
2238,37.337,,,0
2240,37.371,,,0
2242,37.404,,,0
2244,37.437,,,0
2246,37.471,395,1151,1
2248,37.504,395,1151,1
2250,37.538,345,1135,1
2252,37.571,344,1133,1
2254,37.604,343,1132,1
2256,37.638,343,1131,1
2258,37.671,343,1129,1
2260,37.704,344,1128,1
2262,37.738,343,1126,1
2264,37.771,345,1125,1
2266,37.804,345,1123,1
2268,37.838,346,1122,1
2270,37.871,345,1120,1
2272,37.905,346,1119,1
2274,37.938,346,1116,1
2276,37.971,346,1114,1
2278,38.005,388,1100,1
2280,38.038,388,1099,1
2282,38.071,388,1096,1
2284,38.105,388,1094,1
2286,38.138,387,1092,1
2288,38.171,386,1089,1
2290,38.205,386,1089,1
2292,38.238,451,1197,1
2294,38.272,450,1196,1
2296,38.305,450,1194,1
2298,38.338,449,1192,1
2300,38.372,449,1191,1
2302,38.405,449,1189,1
2304,38.438,448,1188,1
2306,38.472,448,1187,1
2308,38.505,256,1259,1
2310,38.538,256,1259,1
2312,38.572,256,1259,1
2314,38.605,256,1259,1
2316,38.639,256,1259,1
2318,38.672,256,1259,1
2320,38.705,256,1259,1
2322,38.739,256,1259,1
2324,38.772,256,1259,1
2326,38.805,256,1259,1
2328,38.839,256,1259,1
2330,38.872,256,1259,1
2332,38.906,256,1259,1
2334,38.939,,,0
2336,38.972,,,0
2338,39.006,3040,1651,1
2340,39.039,3040,1651,1
2342,39.072,2339,863,1
2344,39.106,2339,863,1
2346,39.139,2840,877,1
2348,39.172,2840,877,1
2350,39.206,3231,1692,1
2352,39.239,3231,1692,1
2354,39.273,2227,846,1
2356,39.306,2227,846,1
2358,39.339,2312,841,1
2360,39.373,2312,841,1
2362,39.406,2415,767,1
2364,39.439,2415,767,1
2366,39.473,2289,803,1
2368,39.506,2303,809,1
2370,39.54,2313,805,1
2372,39.573,2313,801,1
2374,39.606,2315,796,1
2376,39.64,2309,791,1
2378,39.673,2304,785,1
2380,39.706,2303,779,1
2382,39.74,2292,772,1
2384,39.773,2290,765,1
2386,39.806,2276,757,1
2388,39.84,2261,747,1
2390,39.873,2257,738,1
2392,39.907,2247,726,1
2394,39.94,2291,729,1
2396,39.973,2338,730,1
2398,40.007,2346,730,1
2400,40.04,2372,734,1
2402,40.073,2399,737,1
2404,40.107,2451,744,1
2406,40.14,2451,744,1
2408,40.173,2451,744,1
2410,40.207,,,0
2412,40.24,2117,725,1
2414,40.274,,,0
2416,40.307,3384,820,1
2418,40.34,2211,744,1
2420,40.374,2237,750,1
2422,40.407,2256,756,1
2424,40.44,2274,761,1
2426,40.474,2299,765,1
2428,40.507,2286,731,1
2430,40.541,2293,733,1
2432,40.574,,,0
2434,40.607,,,0
2436,40.641,2322,733,1
2438,40.674,2321,732,1
2440,40.707,,,0
2442,40.741,2336,729,1
2444,40.774,,,0
2446,40.807,2334,723,1
2448,40.841,2335,720,1
2450,40.874,2335,720,1
2452,40.908,2335,720,1
2454,40.941,1258,1948,1
2456,40.974,1415,1860,1
2458,41.008,1619,1846,1
2466,41.141,1679,1889,1
2468,41.174,1657,1904,1
2470,41.208,,,0
2472,41.241,,,0
2474,41.275,,,0
2476,41.308,,,0
2478,41.341,,,0
2480,41.375,,,0
2482,41.408,2442,821,1
2484,41.441,2442,821,1
2486,41.475,2440,800,1
2488,41.508,2417,789,1
2490,41.541,2392,778,1
2492,41.575,2375,767,1
2494,41.608,2368,762,1
2496,41.642,2350,749,1
2498,41.675,2326,737,1
2500,41.708,2312,724,1
2502,41.742,2297,710,1
2504,41.775,2276,695,1
2506,41.808,2257,678,1
2508,41.842,2237,660,1
2510,41.875,2218,642,1
2512,41.909,2182,622,1
2514,41.942,2130,604,1
2516,41.975,2083,595,1
2518,42.009,2063,553,1
2520,42.042,1995,533,1
2522,42.075,1995,533,1
2524,42.109,2360,256,1
2560,42.709,2718,385,1
2562,42.743,2709,372,1
2564,42.776,2638,359,1
2566,42.809,2615,343,1
2568,42.843,2565,342,1
2570,42.876,2503,335,1
2572,42.91,2466,326,1
2574,42.943,2441,317,1
2576,42.976,2403,312,1
2578,43.01,2389,294,1
2580,43.043,2338,286,1
2582,43.076,2323,271,1
2584,43.11,2281,253,1
2586,43.143,2267,246,1
2588,43.176,,,0
2590,43.21,,,0
2592,43.243,,,0
2594,43.277,,,0
2596,43.31,,,0
2598,43.343,,,0
2600,43.377,3037,876,1
2602,43.41,3037,876,1
2604,43.443,,,0
2606,43.477,,,0
2608,43.51,,,0
2610,43.544,,,0
2612,43.577,,,0
2614,43.61,,,0
2616,43.644,,,0
2618,43.677,,,0
2620,43.71,1151,766,1
2622,43.744,1151,766,1
2624,43.777,1140,761,1
2626,43.81,1140,761,1
2628,43.844,1138,758,1
2630,43.877,1133,755,1
2632,43.911,1133,755,1
2634,43.944,,,0
2636,43.977,,,0
2638,44.011,,,0
2640,44.044,,,0
2642,44.077,1924,418,1
2644,44.111,1924,418,1
2646,44.144,,,0
2648,44.177,,,0
2650,44.211,,,0
2652,44.244,,,0
2654,44.278,1904,965,1
2656,44.311,1904,965,1
2658,44.344,126,1117,1
2660,44.378,145,1121,1
2662,44.411,237,1182,1
2664,44.444,185,1126,1
2666,44.478,203,1128,1
2668,44.511,303,1186,1
2670,44.544,228,1129,1
2672,44.578,241,1115,1
2674,44.611,1056,672,1
2676,44.645,1056,672,1
2678,44.678,91,1162,1
2680,44.711,91,1162,1
2682,44.745,76,1200,1
2684,44.778,76,1200,1
2686,44.811,88,782,1
2688,44.845,95,759,1
2690,44.878,95,743,1
2692,44.912,88,725,1
2694,44.945,75,705,1
2696,44.978,61,699,1
2698,45.012,44,699,1
2700,45.045,32,710,1
2702,45.078,27,725,1
2704,45.112,21,745,1
2706,45.145,39,764,1
2708,45.178,139,698,1
2718,45.345,163,784,1
2720,45.379,163,784,1
2722,45.412,162,778,1
2724,45.445,161,772,1
2726,45.479,165,771,1
2728,45.512,165,771,1
2730,45.546,173,771,1
2732,45.579,179,776,1
2734,45.612,179,776,1
2736,45.646,,,0
2738,45.679,,,0
2740,45.712,5,1047,1
2742,45.746,7,1050,1
2744,45.779,4,1052,1
2746,45.812,,,0
3542,59.092,,,0
3544,59.126,2400,2762,1
3546,59.159,2400,2762,1
3548,59.192,,,0
3550,59.226,,,0
3552,59.259,27287,15644,1
3554,59.293,27287,15644,1
3556,59.326,,,0
3558,59.359,,,0
3560,59.393,7184,5153,1
3562,59.426,7390,5258,1
3564,59.459,7791,5470,1
3566,59.493,7791,5470,1
3568,59.526,8833,6006,1
3570,59.559,,,0
3572,59.593,,,0
3574,59.626,,,0
3576,59.66,,,0
3578,59.693,,,0
3580,59.726,,,0
3582,59.76,,,0
3584,59.793,,,0
3586,59.826,,,0
3588,59.86,,,0
3590,59.893,,,0
3592,59.927,,,0
3594,59.96,,,0
3596,59.993,,,0
3598,60.027,,,0
3600,60.06,,,0
3602,60.093,,,0
3604,60.127,,,0
3606,60.16,,,0
3608,60.193,,,0
3610,60.227,,,0
3612,60.26,,,0
3614,60.294,,,0
3616,60.327,,,0
3618,60.36,,,0
3620,60.394,,,0
3622,60.427,,,0
3624,60.46,,,0
3626,60.494,,,0
3628,60.527,146,1577,1
3630,60.56,146,1577,1
3632,60.594,,,0
3634,60.627,,,0
3636,60.661,225,1189,1
3638,60.694,225,1189,1
3640,60.727,225,1189,1
3642,60.761,,,0
3644,60.794,,,0
3646,60.827,195,1448,1
3648,60.861,195,1448,1
3650,60.894,,,0
3652,60.928,,,0
3654,60.961,250,1037,1
3656,60.994,250,1037,1
3658,61.028,166,1251,1
3660,61.061,166,1251,1
3662,61.094,8659,1072,1
3664,61.128,8659,1072,1
3666,61.161,8459,1048,1
3668,61.194,8359,1037,1
3670,61.228,8244,1024,1
3672,61.261,8133,1011,1
3674,61.295,8043,1001,1
3676,61.328,7977,994,1
3678,61.361,7892,984,1
3680,61.395,7823,977,1
3682,61.428,7734,968,1
3684,61.461,7734,968,1
3686,61.495,4083,570,1
3688,61.528,4083,570,1
3690,61.562,3424,405,1
3692,61.595,3424,405,1
3694,61.628,6996,1049,1
3696,61.662,6996,1049,1
3698,61.695,5026,985,1
3700,61.728,5011,981,1
3702,61.762,5014,978,1
3704,61.795,5470,998,1
3706,61.828,5479,997,1
3708,61.862,5471,992,1
3710,61.895,5438,987,1
3712,61.929,5439,984,1
3714,61.962,5415,978,1
3716,61.995,5375,971,1
3718,62.029,5361,964,1
3720,62.062,4337,918,1
3722,62.095,4326,914,1
3724,62.129,4227,929,1
3726,62.162,4113,923,1
3728,62.195,4129,917,1
3730,62.229,4119,910,1
3732,62.262,4116,906,1
3734,62.296,4102,899,1
3736,62.329,4109,897,1
3738,62.362,4109,897,1
3740,62.396,4120,817,1
3742,62.429,4120,817,1
3744,62.462,5136,1056,1
3746,62.496,5136,1056,1
3748,62.529,4751,959,1
3750,62.562,4751,959,1
3752,62.596,7559,1134,1
3754,62.629,7559,1134,1
3756,62.663,6104,850,1
3758,62.696,6072,844,1
3760,62.729,6033,837,1
3762,62.763,5994,827,1
3764,62.796,5957,820,1
3766,62.829,5870,812,1
3768,62.863,5793,805,1
3770,62.896,5759,802,1
3772,62.93,5732,799,1
3774,62.963,5664,794,1
3776,62.996,5612,789,1
3778,63.03,5574,784,1
3780,63.063,1579,1201,1
3784,63.13,1578,1201,1
3786,63.163,1577,1201,1
3788,63.196,1574,1202,1
3790,63.23,1574,1201,1
3792,63.263,1574,1201,1
3794,63.297,1574,1201,1
3796,63.33,1574,1201,1
3798,63.363,1574,1201,1
3800,63.397,1606,1173,1
3802,63.43,1606,1173,1
3804,63.463,1582,1228,1
3806,63.497,1582,1228,1
3808,63.53,1584,1222,1
3810,63.563,1584,1222,1
3812,63.597,1493,1199,1
3814,63.63,1493,1199,1
3816,63.664,1493,1199,1
3818,63.697,1493,1199,1
3820,63.73,1493,1199,1
3822,63.764,1493,1199,1
3824,63.797,1493,1200,1
3826,63.83,1493,1200,1
3828,63.864,1493,1200,1
3830,63.897,1493,1200,1
3832,63.931,1493,1200,1
3834,63.964,1493,1200,1
3836,63.997,1494,1200,1
3838,64.031,1494,1201,1
3840,64.064,1494,1200,1
3842,64.097,1540,1106,1
3844,64.131,1540,1106,1
3846,64.164,1540,1107,1
3848,64.197,1540,1108,1
3850,64.231,1541,1109,1
3852,64.264,1541,1109,1
3854,64.298,1596,1268,1
3856,64.331,1596,1268,1
3858,64.364,1491,1015,1
3860,64.398,1491,1015,1
3862,64.431,1556,1148,1
3864,64.464,1556,1148,1
3866,64.498,1439,838,1
3868,64.531,1439,838,1
3870,64.564,1439,837,1
3872,64.598,1373,872,1
3874,64.631,1372,873,1
3876,64.665,1372,872,1
3878,64.698,1373,871,1
3880,64.731,1374,870,1
3882,64.765,1374,870,1
3884,64.798,1376,868,1
3886,64.831,1378,867,1
3888,64.865,1381,865,1
3890,64.898,1383,863,1
3892,64.932,1381,864,1
3894,64.965,1380,864,1
3896,64.998,1380,863,1
3898,65.032,1382,862,1
3900,65.065,1381,862,1
3902,65.098,1695,1107,1
4052,67.601,1695,1107,1
4054,67.634,1586,1169,1
4056,67.668,1587,1169,1
4058,67.701,1589,1170,1
4060,67.734,1587,1172,1
4062,67.768,1589,1172,1
4064,67.801,1593,1172,1
4066,67.834,1594,1173,1
4068,67.868,1598,1173,1
4070,67.901,1601,1174,1
4072,67.935,1605,1174,1
4074,67.968,1608,1175,1
4076,68.001,1608,1175,1
4078,68.035,1588,1174,1
4080,68.068,1588,1174,1
4082,68.101,,,0
4084,68.135,,,0
4086,68.168,,,0
4088,68.201,,,0
4090,68.235,,,0
4092,68.268,,,0
4094,68.302,,,0
4096,68.335,,,0
4098,68.368,,,0
4100,68.402,,,0
4102,68.435,,,0
4104,68.468,,,0
4106,68.502,2030,1880,1
4108,68.535,2030,1880,1
4110,68.569,657,1263,1
4112,68.602,657,1263,1
4114,68.635,657,1262,1
4116,68.669,657,1262,1
4118,68.702,657,1261,1
4120,68.735,657,1261,1
4122,68.769,657,1259,1
4124,68.802,657,1259,1
4126,68.835,656,1258,1
4128,68.869,656,1258,1
4130,68.902,656,1258,1
4132,68.936,656,1258,1
4134,68.969,656,1258,1
4136,69.002,656,1258,1
4138,69.036,656,1258,1
4140,69.069,656,1258,1
4142,69.102,660,1271,1
4144,69.136,660,1271,1
4146,69.169,660,1271,1
4148,69.202,660,1271,1
4150,69.236,660,1270,1
4152,69.269,660,1270,1
4154,69.303,660,1271,1
4156,69.336,660,1271,1
4158,69.369,660,1269,1
4160,69.403,660,1269,1
4162,69.436,660,1270,1
4164,69.469,660,1270,1
4166,69.503,660,1272,1
4168,69.536,660,1272,1
4170,69.57,2360,1360,1
4172,69.603,2360,1360,1
4174,69.636,2360,1360,1
4176,69.67,2360,1360,1
4178,69.703,2360,1360,1
4180,69.736,2360,1360,1
4182,69.77,2351,1361,1
4184,69.803,2351,1361,1
4186,69.836,2351,1361,1
4188,69.87,2351,1361,1
4190,69.903,2351,1361,1
4192,69.937,2351,1361,1
4194,69.97,2364,1361,1
4196,70.003,2364,1361,1
4198,70.037,2351,1361,1
4200,70.07,2351,1361,1
4204,70.137,1631,1714,1
4206,70.17,1631,1714,1
4208,70.203,1631,1714,1
4210,70.237,1631,1714,1
4212,70.27,1631,1714,1
4214,70.304,1631,1714,1
4216,70.337,1631,1714,1
4218,70.37,1631,1714,1
4220,70.404,1631,1714,1
4222,70.437,1631,1714,1
4224,70.47,1631,1714,1
4226,70.504,1631,1714,1
4228,70.537,1631,1714,1
4230,70.57,1631,1714,1
4232,70.604,976,1380,1
4234,70.637,976,1380,1
4236,70.671,976,1380,1
4238,70.704,976,1380,1
4240,70.737,976,1380,1
4242,70.771,976,1380,1
4244,70.804,976,1380,1
4246,70.837,976,1380,1
4248,70.871,976,1380,1
4250,70.904,976,1380,1
4252,70.938,976,1380,1
4254,70.971,976,1380,1
4256,71.004,976,1380,1
4258,71.038,976,1380,1
4260,71.071,976,1380,1
4262,71.104,976,1380,1
4264,71.138,1221,1273,1
4266,71.171,1221,1273,1
4268,71.204,1221,1273,1
4270,71.238,1221,1273,1
4272,71.271,1221,1273,1
4274,71.305,1221,1273,1
4276,71.338,1220,1275,1
4278,71.371,1220,1275,1
4280,71.405,1220,1275,1
4282,71.438,1220,1275,1
4284,71.471,1092,1170,1
4286,71.505,1092,1170,1
4288,71.538,1092,1170,1
4290,71.572,1092,1170,1
4292,71.605,769,1229,1
4294,71.638,769,1229,1
4296,71.672,934,1342,1
4298,71.705,934,1342,1
4300,71.738,934,1342,1
4302,71.772,934,1342,1
4304,71.805,937,1339,1
4306,71.838,937,1339,1
4308,71.872,937,1339,1
4310,71.905,937,1339,1
4312,71.939,937,1339,1
4314,71.972,937,1339,1
4316,72.005,937,1339,1
4318,72.039,937,1339,1
4320,72.072,937,1339,1
4322,72.105,937,1339,1
4324,72.139,1975,1633,1
4326,72.172,1975,1633,1
4328,72.205,1975,1633,1
4330,72.239,1975,1633,1
4332,72.272,1975,1633,1
4334,72.306,1975,1633,1
4336,72.339,1975,1633,1
4338,72.372,1975,1633,1
4340,72.406,1975,1633,1
4342,72.439,1975,1633,1
4344,72.472,1975,1633,1
4346,72.506,1975,1633,1
4348,72.539,1975,1633,1
4350,72.573,1975,1633,1
4352,72.606,1558,1813,1
4354,72.639,1558,1813,1
4356,72.673,1558,1813,1
4358,72.706,1558,1813,1
4360,72.739,1558,1813,1
4362,72.773,1558,1813,1
4364,72.806,1558,1813,1
4366,72.839,1558,1813,1
4368,72.873,1558,1813,1
4370,72.906,1558,1813,1
4372,72.94,1558,1813,1
4374,72.973,1558,1813,1
4376,73.006,1558,1813,1
4378,73.04,1558,1813,1
4380,73.073,1558,1813,1
4382,73.106,1558,1813,1
4384,73.14,1595,1739,1
4386,73.173,1595,1739,1
4388,73.206,1595,1739,1
4390,73.24,1595,1739,1
4392,73.273,1595,1739,1
4394,73.307,1595,1739,1
4396,73.34,1595,1739,1
4398,73.373,1595,1739,1
4400,73.407,1595,1739,1
4402,73.44,1595,1739,1
4404,73.473,1595,1739,1
4406,73.507,1595,1739,1
4408,73.54,813,1510,1
4410,73.573,813,1510,1
4412,73.607,1897,1630,1
4414,73.64,1897,1630,1
4416,73.674,1897,1630,1
4418,73.707,1897,1630,1
4420,73.74,859,1459,1
4422,73.774,859,1459,1
4424,73.807,859,1459,1
4426,73.84,859,1459,1
4428,73.874,859,1459,1
4430,73.907,856,1459,1
4432,73.941,856,1459,1
4434,73.974,856,1459,1
4436,74.007,856,1459,1
4438,74.041,856,1459,1
4440,74.074,1897,1630,1
4442,74.107,1897,1630,1
4444,74.141,1844,1715,1
4446,74.174,1844,1715,1
4448,74.207,1844,1715,1
4450,74.241,1844,1715,1
4452,74.274,1844,1715,1
4454,74.308,1844,1715,1
4456,74.341,1844,1715,1
4458,74.374,1844,1715,1
4460,74.408,1844,1715,1
4462,74.441,1844,1715,1
4464,74.474,1844,1715,1
4466,74.508,1844,1715,1
4468,74.541,1844,1715,1
4470,74.575,1844,1715,1
4472,74.608,,,0
4474,74.641,,,0
4476,74.675,,,0
4478,74.708,,,0
4480,74.741,,,0
4482,74.775,,,0
4484,74.808,,,0
4486,74.841,,,0
4488,74.875,,,0
4490,74.908,,,0
4492,74.942,,,0
4494,74.975,574,1124,1
4496,75.008,564,1122,1
4498,75.042,564,1122,1
4500,75.075,564,1122,1
4502,75.108,868,1501,1
4504,75.142,868,1501,1
4506,75.175,868,1501,1
4508,75.208,868,1501,1
4510,75.242,868,1501,1
4512,75.275,868,1501,1
4514,75.309,,,0
4516,75.342,,,0
4518,75.375,,,0
4520,75.409,,,0
4522,75.442,,,0
4524,75.475,,,0
4526,75.509,,,0
4528,75.542,,,0
4530,75.576,,,0
4532,75.609,2849,1192,1
4534,75.642,2750,1217,1
4536,75.676,212,187,1
4538,75.709,213,191,1
4540,75.742,213,191,1
4542,75.776,1986,1414,1
4544,75.809,1986,1414,1
4546,75.842,1986,1414,1
4548,75.876,1986,1414,1
4550,75.909,1986,1414,1
4552,75.943,1986,1414,1
4554,75.976,1986,1414,1
4556,76.009,1986,1414,1
4558,76.043,1986,1414,1
4560,76.076,1986,1414,1
4562,76.109,,,0
4564,76.143,,,0
4566,76.176,65,50,1
4568,76.209,65,50,1
4570,76.243,77,63,1
4572,76.276,79,69,1
4574,76.31,80,71,1
4576,76.343,76,61,1
4578,76.376,78,66,1
4580,76.41,79,69,1
4582,76.443,79,69,1
4584,76.476,81,74,1
4586,76.51,81,74,1
4588,76.543,55,41,1
4590,76.576,69,61,1
4592,76.61,69,61,1
4594,76.643,579,710,1
4596,76.677,579,710,1
4598,76.71,579,710,1
4600,76.743,579,710,1
4602,76.777,579,710,1
4604,76.81,579,710,1
4606,76.843,579,710,1
4608,76.877,579,710,1
4610,76.91,579,710,1
4612,76.944,579,710,1
4614,76.977,579,710,1
4616,77.01,579,710,1
4618,77.044,579,710,1
4620,77.077,579,710,1
4622,77.11,312,273,1
4624,77.144,312,273,1
4626,77.177,312,273,1
4628,77.21,312,273,1
4630,77.244,312,273,1
4632,77.277,312,273,1
4634,77.311,312,273,1
4636,77.344,312,273,1
4638,77.377,312,273,1
4640,77.411,312,273,1
4642,77.444,573,838,1
4644,77.477,573,838,1
4646,77.511,317,283,1
4648,77.544,317,283,1
4650,77.578,317,283,1
4652,77.611,317,283,1
4654,77.644,530,687,1
4656,77.678,530,687,1
4658,77.711,530,687,1
4660,77.744,530,687,1
4662,77.778,530,687,1
4664,77.811,530,687,1
4666,77.844,530,687,1
4668,77.878,530,687,1
4670,77.911,530,687,1
4672,77.945,530,687,1
4674,77.978,530,687,1
4676,78.011,530,687,1
4678,78.045,530,687,1
4680,78.078,530,687,1
4682,78.111,859,1293,1
4686,78.178,,,0
4688,78.211,804,1181,1
4690,78.245,811,1192,1
4692,78.278,912,1369,1
4694,78.312,955,1446,1
4696,78.345,1021,1565,1
4698,78.378,,,0
4700,78.412,,,0
4702,78.445,,,0
4704,78.478,,,0
4706,78.512,,,0
4708,78.545,508,671,1
4710,78.579,508,671,1
4712,78.612,805,1166,1
4714,78.645,805,1166,1
4716,78.679,470,568,1
4718,78.712,470,568,1
4720,78.745,470,568,1
4722,78.779,470,568,1
4724,78.812,470,568,1
4726,78.845,470,568,1
4728,78.879,470,568,1
4730,78.912,470,568,1
4732,78.946,470,568,1
4734,78.979,470,568,1
4736,79.012,470,568,1
4738,79.046,470,568,1
4740,79.079,470,568,1
4742,79.112,470,568,1
4744,79.146,470,569,1
4746,79.179,470,569,1
4748,79.212,470,569,1
4750,79.246,470,569,1
4752,79.279,470,569,1
4754,79.313,470,569,1
4756,79.346,470,569,1
4758,79.379,470,569,1
4760,79.413,470,569,1
4762,79.446,470,569,1
4764,79.479,470,569,1
4766,79.513,470,569,1
4768,79.546,470,569,1
4770,79.579,470,569,1
4772,79.613,470,569,1
4774,79.646,470,569,1
4776,79.68,470,569,1
4778,79.713,470,569,1
4780,79.746,470,569,1
4782,79.78,470,569,1
4784,79.813,470,569,1
4786,79.846,470,569,1
4788,79.88,470,569,1
4790,79.913,470,569,1
4792,79.947,470,569,1
4794,79.98,470,569,1
4796,80.013,470,569,1
4798,80.047,470,569,1
4800,80.08,470,569,1
4802,80.113,470,569,1
4804,80.147,519,651,1
4806,80.18,519,651,1
4808,80.213,519,651,1
4810,80.247,519,651,1
4812,80.28,519,651,1
4814,80.314,519,651,1
4816,80.347,519,651,1
4818,80.38,519,651,1
4820,80.414,519,651,1
4822,80.447,519,651,1
4824,80.48,519,651,1
4826,80.514,519,651,1
4828,80.547,519,651,1
4830,80.581,519,651,1
4832,80.614,519,651,1
4834,80.647,519,651,1
4836,80.681,519,651,1
4838,80.714,519,651,1
4840,80.747,519,651,1
4842,80.781,519,651,1
4844,80.814,519,651,1
4846,80.847,519,651,1
4848,80.881,519,651,1
4850,80.914,519,651,1
4852,80.948,519,651,1
4854,80.981,519,651,1
4856,81.014,519,651,1
4858,81.048,519,651,1
4860,81.081,519,651,1
4862,81.114,519,651,1
4864,81.148,524,659,1
4866,81.181,524,659,1
4868,81.214,524,659,1
4870,81.248,524,659,1
4872,81.281,524,659,1
4874,81.315,524,659,1
4876,81.348,524,659,1
4878,81.381,524,659,1
4880,81.415,524,659,1
4882,81.448,524,659,1
4884,81.481,524,659,1
4886,81.515,524,659,1
4888,81.548,524,659,1
4890,81.582,524,659,1
4892,81.615,524,659,1
4894,81.648,524,659,1
4896,81.682,520,653,1
4898,81.715,520,653,1
4900,81.748,520,653,1
4902,81.782,520,653,1
4904,81.815,520,653,1
4906,81.848,520,653,1
4908,81.882,520,653,1
4910,81.915,520,653,1
4912,81.949,518,649,1
4914,81.982,518,649,1
4916,82.015,520,653,1
4918,82.049,520,653,1
4920,82.082,520,653,1
4922,82.115,520,653,1
4924,82.149,529,668,1
4926,82.182,529,668,1
4928,82.215,529,668,1
4930,82.249,529,668,1
4932,82.282,529,668,1
4934,82.316,529,668,1
4936,82.349,529,668,1
4938,82.382,529,668,1
4940,82.416,529,668,1
4942,82.449,529,668,1
4944,82.482,529,668,1
4946,82.516,529,668,1
4948,82.549,529,668,1
4950,82.582,529,668,1
4952,82.616,529,668,1
4954,82.649,529,668,1
4956,82.683,534,678,1
4958,82.716,534,678,1
4960,82.749,534,678,1
4962,82.783,534,678,1
4964,82.816,534,678,1
4966,82.849,534,678,1
4968,82.883,534,678,1
4970,82.916,534,678,1
4972,82.95,534,678,1
4974,82.983,534,678,1
4976,83.016,534,678,1
4978,83.05,534,678,1
4980,83.083,534,678,1
4982,83.116,534,678,1
4984,83.15,742,1019,1
4986,83.183,742,1019,1
4988,83.216,724,989,1
4990,83.25,724,989,1
4992,83.283,742,1019,1
4994,83.317,742,1019,1
4996,83.35,742,1019,1
4998,83.383,742,1019,1
5000,83.417,742,1019,1
5002,83.45,742,1019,1
5004,83.483,742,1019,1
5006,83.517,742,1019,1
5008,83.55,742,1019,1
5010,83.584,742,1019,1
5012,83.617,742,1019,1
5014,83.65,742,1019,1
5016,83.684,378,390,1
5018,83.717,378,390,1
5020,83.75,378,390,1
5022,83.784,378,390,1
5024,83.817,378,390,1
5026,83.85,378,390,1
5028,83.884,378,390,1
5030,83.917,378,390,1
5032,83.951,378,390,1
5034,83.984,378,390,1
5036,84.017,378,390,1
5038,84.051,378,390,1
5040,84.084,378,390,1
5042,84.117,378,390,1
5044,84.151,418,536,1
5046,84.184,418,536,1
5048,84.217,418,536,1
5050,84.251,418,536,1
5052,84.284,420,537,1
5054,84.318,420,537,1
5056,84.351,418,536,1
5058,84.384,418,536,1
5060,84.418,418,536,1
5062,84.451,418,536,1
5064,84.484,418,536,1
5066,84.518,418,536,1
5068,84.551,418,536,1
5070,84.585,418,536,1
5072,84.618,418,536,1
5074,84.651,418,536,1
5076,84.685,423,539,1
5078,84.718,423,539,1
5080,84.751,423,539,1
5082,84.785,423,539,1
5084,84.818,423,539,1
5086,84.851,423,539,1
5088,84.885,518,610,1
5090,84.918,518,610,1
5092,84.952,423,539,1
5094,84.985,423,539,1
5096,85.018,423,539,1
5098,85.052,423,539,1
5100,85.085,423,539,1
5102,85.118,423,539,1
5104,85.152,472,584,1
5106,85.185,472,584,1
5108,85.218,472,584,1
5110,85.252,472,584,1
5112,85.285,472,584,1
5114,85.319,472,584,1
5116,85.352,472,584,1
5118,85.385,472,584,1
5120,85.419,472,584,1
5122,85.452,472,584,1
5124,85.485,472,584,1
5126,85.519,472,584,1
5128,85.552,472,584,1
5130,85.585,472,584,1
5132,85.619,472,584,1
5134,85.652,472,584,1
5136,85.686,483,587,1
5138,85.719,483,587,1
5140,85.752,483,587,1
5142,85.786,483,587,1
5144,85.819,483,587,1
5146,85.852,483,587,1
5148,85.886,483,587,1
5150,85.919,483,587,1
5152,85.953,483,587,1
5154,85.986,483,587,1
5156,86.019,483,587,1
5158,86.053,483,587,1
5160,86.086,483,587,1
5162,86.119,483,587,1
5164,86.153,483,587,1
5166,86.186,483,587,1
5168,86.219,483,587,1
5170,86.253,483,587,1
5172,86.286,483,587,1
5174,86.32,483,587,1
5176,86.353,483,587,1
5178,86.386,483,587,1
5180,86.42,483,587,1
5182,86.453,483,587,1
5184,86.486,483,587,1
5186,86.52,483,587,1
5188,86.553,483,587,1
5190,86.587,483,587,1
5192,86.62,483,587,1
5194,86.653,483,587,1
5196,86.687,470,579,1
5198,86.72,470,579,1
5200,86.753,470,579,1
5202,86.787,470,579,1
5204,86.82,470,579,1
5206,86.853,470,579,1
5208,86.887,470,579,1
5210,86.92,470,579,1
5212,86.954,470,579,1
5214,86.987,470,579,1
5216,87.02,470,579,1
5218,87.054,470,579,1
5220,87.087,469,542,1
5222,87.12,469,542,1
5224,87.154,399,527,1
5226,87.187,399,527,1
5228,87.22,394,523,1
5230,87.254,394,523,1
5232,87.287,487,609,1
5234,87.321,487,609,1
5236,87.354,394,523,1
5238,87.387,394,523,1
5240,87.421,394,523,1
5242,87.454,394,523,1
5244,87.487,394,523,1
5246,87.521,394,523,1
5248,87.554,395,524,1
5250,87.588,395,524,1
5252,87.621,394,523,1
5254,87.654,394,523,1
5256,87.688,470,575,1
5258,87.721,470,575,1
5260,87.754,470,575,1
5262,87.788,470,575,1
5264,87.821,470,575,1
5266,87.854,470,575,1
5268,87.888,470,575,1
5270,87.921,470,575,1
5272,87.955,470,575,1
5274,87.988,470,575,1
5276,88.021,422,505,1
5278,88.055,422,505,1
5280,88.088,470,575,1
5282,88.121,470,575,1
5284,88.155,470,575,1
5286,88.188,470,575,1
5288,88.221,422,505,1
5290,88.255,422,505,1
5292,88.288,422,505,1
5294,88.322,422,505,1
5296,88.355,422,505,1
5298,88.388,422,505,1
5300,88.422,470,575,1
5302,88.455,470,575,1
5304,88.488,470,575,1
5306,88.522,470,575,1
5308,88.555,422,505,1
5310,88.588,422,505,1
5312,88.622,422,505,1
5314,88.655,422,505,1
5316,88.689,470,575,1
5318,88.722,470,575,1
5320,88.755,470,575,1
5322,88.789,470,575,1
5324,88.822,470,575,1
5326,88.855,470,575,1
5328,88.889,470,575,1
5330,88.922,470,575,1
5332,88.956,470,575,1
5334,88.989,470,575,1
5336,89.022,470,575,1
5338,89.056,470,575,1
5340,89.089,470,575,1
5342,89.122,470,575,1
5344,89.156,470,575,1
5346,89.189,470,575,1
5348,89.222,422,505,1
5350,89.256,422,505,1
5352,89.289,470,575,1
5354,89.323,470,575,1
5356,89.356,470,575,1
5358,89.389,470,575,1
5360,89.423,470,575,1
5362,89.456,470,575,1
5364,89.489,470,575,1
5366,89.523,470,575,1
5368,89.556,470,575,1
5370,89.59,470,575,1
5372,89.623,470,575,1
5374,89.656,470,575,1
5376,89.69,422,505,1
5378,89.723,422,505,1
5380,89.756,470,575,1
5382,89.79,470,575,1
5384,89.823,470,575,1
5386,89.856,470,575,1
5388,89.89,470,575,1
5390,89.923,470,575,1
5392,89.957,470,575,1
5394,89.99,470,575,1
5396,90.023,470,575,1
5398,90.057,470,575,1
5400,90.09,470,575,1
5402,90.123,470,575,1
5404,90.157,470,575,1
5406,90.19,470,575,1
5408,90.223,470,575,1
5410,90.257,470,575,1
5412,90.29,470,575,1
5414,90.324,470,575,1
5416,90.357,470,575,1
5418,90.39,470,575,1
5420,90.424,470,575,1
5422,90.457,470,575,1
5424,90.49,470,575,1
5426,90.524,470,575,1
5428,90.557,470,575,1
5430,90.591,470,575,1
5432,90.624,470,575,1
5434,90.657,470,575,1
5436,90.691,470,575,1
5438,90.724,470,575,1
5440,90.757,470,575,1
5442,90.791,470,575,1
5444,90.824,,,0
5446,90.857,,,0
5448,90.891,328,404,1
5450,90.924,328,404,1
5452,90.958,,,0
5454,90.991,,,0
5456,91.024,,,0
5458,91.058,,,0
5460,91.091,,,0
5462,91.124,,,0
5464,91.158,,,0
5466,91.191,,,0
5468,91.224,,,0
5470,91.258,,,0
5472,91.291,,,0
5474,91.325,,,0
5476,91.358,,,0
5478,91.391,,,0
5480,91.425,,,0
5482,91.458,,,0
5484,91.491,,,0
5486,91.525,,,0
5488,91.558,,,0
5490,91.591,,,0
5492,91.625,,,0
5494,91.658,,,0
5496,91.692,,,0
5498,91.725,,,0
5500,91.758,,,0
5502,91.792,,,0
5504,91.825,,,0
5506,91.858,,,0
5508,91.892,,,0
5510,91.925,,,0
5512,91.959,,,0
5514,91.992,,,0
5516,92.025,,,0
5518,92.059,,,0
5520,92.092,,,0
5522,92.125,,,0
5524,92.159,,,0
5526,92.192,,,0
5528,92.225,,,0
5530,92.259,,,0
5532,92.292,,,0
5534,92.326,,,0
5536,92.359,,,0
5538,92.392,,,0
5540,92.426,,,0
5542,92.459,,,0
5544,92.492,,,0
5546,92.526,,,0
5548,92.559,153,492,1
5550,92.593,154,496,1
5552,92.626,177,492,1
5554,92.659,162,491,1
5626,93.86,161,491,1
5628,93.894,161,491,1
5630,93.927,,,0
5632,93.961,,,0
5634,93.994,,,0
5636,94.027,,,0
5638,94.061,,,0
5640,94.094,,,0
5642,94.127,,,0
5644,94.161,,,0
5646,94.194,,,0
5648,94.227,,,0
5650,94.261,,,0
5652,94.294,,,0
5654,94.328,328,404,1
5656,94.361,328,404,1
5658,94.394,328,404,1
5660,94.428,328,404,1
5662,94.461,328,404,1
5664,94.494,328,404,1
5666,94.528,328,405,1
5668,94.561,328,405,1
5670,94.594,328,405,1
5672,94.628,328,405,1
5674,94.661,328,405,1
5676,94.695,328,405,1
5678,94.728,328,405,1
5680,94.761,328,405,1
5682,94.795,328,405,1
5684,94.828,328,405,1
5686,94.861,328,405,1
5688,94.895,328,405,1
5690,94.928,328,405,1
5692,94.962,328,405,1
5694,94.995,328,405,1
5696,95.028,,,0
5698,95.062,,,0
5700,95.095,,,0
5702,95.128,,,0
5704,95.162,,,0
5706,95.195,,,0
5708,95.228,,,0
5710,95.262,,,0
5712,95.295,,,0
5714,95.329,,,0
5716,95.362,,,0
5718,95.395,,,0
5720,95.429,,,0
5722,95.462,,,0
5724,95.495,,,0
5726,95.529,,,0
5728,95.562,,,0
5730,95.596,,,0
5732,95.629,,,0
5734,95.662,,,0
5736,95.696,,,0
5738,95.729,,,0
5740,95.762,,,0
5742,95.796,,,0
5744,95.829,,,0
5746,95.862,,,0
5748,95.896,,,0
5750,95.929,,,0
5752,95.963,,,0
5754,95.996,,,0
5756,96.029,,,0
5758,96.063,,,0
5760,96.096,,,0
5762,96.129,,,0
5764,96.163,,,0
5766,96.196,,,0
5768,96.229,328,404,1
5770,96.263,328,404,1
5772,96.296,328,404,1
5774,96.33,,,0
5776,96.363,,,0
5778,96.396,328,404,1
5780,96.43,328,402,1
5782,96.463,328,405,1
5784,96.496,328,405,1
5786,96.53,330,405,1
5788,96.563,330,405,1
5790,96.597,330,405,1
5792,96.63,330,405,1
5794,96.663,330,404,1
5796,96.697,328,404,1
5798,96.73,328,404,1
5800,96.763,330,405,1
5802,96.797,330,405,1
5804,96.83,330,404,1
5806,96.863,328,402,1
5808,96.897,330,405,1
5810,96.93,328,404,1
5812,96.964,328,402,1
5814,96.997,328,405,1
5816,97.03,328,405,1
5818,97.064,524,495,1
5820,97.097,524,495,1
5822,97.13,270,458,1
5824,97.164,270,458,1
5826,97.197,524,495,1
5828,97.23,524,495,1
5830,97.264,268,460,1
5832,97.297,268,460,1
5834,97.331,268,453,1
5836,97.364,268,453,1
5838,97.397,268,453,1
5840,97.431,268,453,1
5842,97.464,268,460,1
5844,97.497,268,460,1
5846,97.531,268,453,1
5848,97.564,268,453,1
5850,97.597,268,453,1
5852,97.631,268,453,1
5854,97.664,268,460,1
5856,97.698,268,460,1
5858,97.731,271,458,1
5860,97.764,271,458,1
5862,97.798,271,458,1
5864,97.831,271,458,1
5866,97.864,271,458,1
5868,97.898,271,458,1
5870,97.931,268,453,1
5872,97.965,268,453,1
5874,97.998,270,458,1
5876,98.031,270,458,1
5878,98.065,270,458,1
5880,98.098,270,458,1
5882,98.131,270,458,1
5884,98.165,270,458,1
5886,98.198,524,495,1
5888,98.231,524,495,1
5890,98.265,524,495,1
5892,98.298,524,495,1
5894,98.332,524,495,1
5896,98.365,524,495,1
5898,98.398,270,458,1
5900,98.432,270,458,1
5902,98.465,268,460,1
5904,98.498,268,460,1
5906,98.532,270,458,1
5908,98.565,270,458,1
5910,98.599,524,495,1
5912,98.632,524,495,1
5914,98.665,270,458,1
5916,98.699,270,458,1
5918,98.732,270,458,1
5920,98.765,270,458,1
5922,98.799,270,458,1
5924,98.832,270,458,1
5926,98.865,270,458,1
5928,98.899,270,458,1
5930,98.932,270,458,1
5932,98.966,270,458,1
5934,98.999,268,460,1
5936,99.032,268,460,1
5938,99.066,270,458,1
5940,99.099,270,458,1
5942,99.132,270,458,1
5944,99.166,270,458,1
5946,99.199,270,458,1
5948,99.232,270,458,1
5950,99.266,524,495,1
5952,99.299,524,495,1
5954,99.333,270,458,1
5956,99.366,270,458,1
5958,99.399,270,458,1
5960,99.433,270,458,1
5962,99.466,270,458,1
5964,99.499,270,458,1
5966,99.533,270,458,1
5968,99.566,270,458,1
5970,99.6,270,458,1
5972,99.633,270,458,1
5974,99.666,270,458,1
5976,99.7,270,458,1
5978,99.733,268,453,1
5980,99.766,268,453,1
5982,99.8,524,495,1
5984,99.833,524,495,1
5986,99.866,270,458,1
5988,99.9,270,458,1
5990,99.933,270,458,1
5992,99.967,270,458,1
5994,100.0,270,458,1
5996,100.033,270,458,1
5998,100.067,270,458,1
6000,100.1,270,458,1
6002,100.133,270,458,1
6004,100.167,270,458,1
6006,100.2,270,458,1
6008,100.233,270,458,1
6010,100.267,270,458,1
6012,100.3,270,458,1
6014,100.334,270,458,1
6016,100.367,270,458,1
6018,100.4,270,458,1
6020,100.434,270,458,1
6022,100.467,270,458,1
6024,100.5,270,458,1
6026,100.534,270,458,1
6028,100.567,270,458,1
6030,100.6,270,458,1
6032,100.634,270,458,1
6034,100.667,270,458,1
6036,100.701,270,458,1
6038,100.734,270,458,1
6040,100.767,270,458,1
6042,100.801,270,458,1
6044,100.834,270,458,1
6046,100.867,270,458,1
6048,100.901,270,458,1
6050,100.934,270,458,1
6052,100.968,270,458,1
6054,101.001,270,458,1
6056,101.034,270,458,1
6058,101.068,270,458,1
6060,101.101,270,458,1
6062,101.134,270,458,1
6064,101.168,270,458,1
6066,101.201,270,458,1
6068,101.234,270,458,1
6070,101.268,270,458,1
6072,101.301,270,458,1
6074,101.335,270,458,1
6076,101.368,270,458,1
6078,101.401,270,458,1
6080,101.435,270,458,1
6082,101.468,270,458,1
6084,101.501,270,458,1
6086,101.535,270,458,1
6088,101.568,270,458,1
6090,101.602,270,458,1
6092,101.635,270,458,1
6094,101.668,270,458,1
6096,101.702,270,458,1
6098,101.735,270,458,1
6100,101.768,270,458,1
6102,101.802,270,458,1
6104,101.835,270,458,1
6106,101.868,270,458,1
6108,101.902,270,458,1
6110,101.935,270,458,1
6112,101.969,270,458,1
6114,102.002,270,458,1
6116,102.035,270,458,1
6118,102.069,270,458,1
6120,102.102,270,458,1
6122,102.135,270,458,1
6124,102.169,270,458,1
6126,102.202,270,458,1
6128,102.235,270,458,1
6130,102.269,270,458,1
6132,102.302,270,458,1
6134,102.336,270,458,1
6136,102.369,270,458,1
6138,102.402,270,458,1
6140,102.436,270,458,1
6142,102.469,270,458,1
6144,102.502,270,458,1
6146,102.536,270,458,1
6148,102.569,270,458,1
6150,102.603,270,458,1
6152,102.636,270,458,1
6154,102.669,270,458,1
6156,102.703,270,458,1
6158,102.736,270,458,1
6160,102.769,270,458,1
6162,102.803,270,458,1
6164,102.836,270,458,1
6166,102.869,270,458,1
6168,102.903,270,458,1
6170,102.936,270,458,1
6172,102.97,270,458,1
6174,103.003,270,458,1
6176,103.036,270,458,1
6178,103.07,270,458,1
6180,103.103,270,458,1
6182,103.136,270,458,1
6184,103.17,270,458,1
6186,103.203,270,458,1
6188,103.236,270,458,1
6190,103.27,270,458,1
6192,103.303,270,458,1
6194,103.337,270,458,1
6196,103.37,270,458,1
6198,103.403,270,458,1
6200,103.437,270,458,1
6202,103.47,270,458,1
6204,103.503,270,458,1
6206,103.537,270,458,1
6208,103.57,270,458,1
6210,103.603,270,458,1
6212,103.637,270,458,1
6214,103.67,270,458,1
6216,103.704,270,458,1
6218,103.737,270,458,1
6220,103.77,270,458,1
6222,103.804,270,458,1
6224,103.837,270,458,1
6226,103.87,270,458,1
6228,103.904,270,458,1
6230,103.937,270,458,1
6232,103.971,270,458,1
6234,104.004,270,458,1
6236,104.037,270,458,1
6238,104.071,270,458,1
6240,104.104,270,458,1
6242,104.137,270,458,1
6244,104.171,270,458,1
6246,104.204,270,458,1
6248,104.237,270,458,1
6250,104.271,270,458,1
6252,104.304,270,458,1
6254,104.338,270,458,1
6256,104.371,270,458,1
6258,104.404,270,458,1
6260,104.438,270,458,1
6262,104.471,270,458,1
6264,104.504,270,458,1
6266,104.538,270,458,1
6268,104.571,270,458,1
6270,104.605,270,458,1
6272,104.638,270,458,1
6274,104.671,270,458,1
6276,104.705,270,458,1
6278,104.738,270,458,1
6280,104.771,270,458,1
6282,104.805,270,458,1
6284,104.838,270,458,1
6286,104.871,270,458,1
6288,104.905,270,458,1
6290,104.938,270,458,1
6292,104.972,270,458,1
6294,105.005,270,458,1
6296,105.038,270,458,1
6298,105.072,270,458,1
6300,105.105,270,458,1
6302,105.138,270,458,1
6304,105.172,270,458,1
6306,105.205,270,458,1
6308,105.238,270,458,1
6310,105.272,270,458,1
6312,105.305,270,458,1
6314,105.339,270,458,1
6316,105.372,270,458,1
6318,105.405,270,458,1
6320,105.439,270,458,1
6322,105.472,270,458,1
6324,105.505,270,458,1
6326,105.539,270,458,1
6328,105.572,270,458,1
6330,105.606,270,458,1
6332,105.639,270,458,1
6334,105.672,270,458,1
6336,105.706,270,458,1
6338,105.739,270,458,1
6340,105.772,270,458,1
6342,105.806,270,458,1
6344,105.839,270,458,1
6346,105.872,270,458,1
6348,105.906,270,458,1
6350,105.939,270,458,1
6352,105.973,270,458,1
6354,106.006,270,458,1
6356,106.039,270,458,1
6358,106.073,270,458,1
6360,106.106,270,458,1
6362,106.139,270,458,1
6364,106.173,270,458,1
6366,106.206,268,455,1
6368,106.239,268,455,1
6370,106.273,524,495,1
6372,106.306,524,495,1
6374,106.34,524,495,1
6376,106.373,524,495,1
6378,106.406,524,495,1
6380,106.44,524,495,1
6382,106.473,524,496,1
6384,106.506,524,496,1
6386,106.54,524,496,1
6388,106.573,524,496,1
6390,106.606,524,496,1
6392,106.64,524,495,1
6394,106.673,525,496,1
6396,106.707,525,496,1
6398,106.74,525,496,1
6400,106.773,524,496,1
6402,106.807,524,495,1
6404,106.84,524,495,1
6406,106.873,524,495,1
6408,106.907,268,460,1
6410,106.94,268,460,1
6412,106.974,270,458,1
6414,107.007,270,458,1
6416,107.04,270,458,1
6418,107.074,270,458,1
6420,107.107,298,462,1
6422,107.14,298,462,1
6424,107.174,298,462,1
6426,107.207,298,462,1
6428,107.24,298,462,1
6430,107.274,298,462,1
6432,107.307,298,462,1
6434,107.341,298,462,1
6436,107.374,854,516,1
6438,107.407,854,516,1
6440,107.441,298,462,1
6442,107.474,298,462,1
6444,107.507,298,462,1
6446,107.541,298,462,1
6448,107.574,298,462,1
6450,107.608,298,462,1
6452,107.641,298,462,1
6454,107.674,298,462,1
6456,107.708,295,464,1
6458,107.741,295,464,1
6460,107.774,295,464,1
6462,107.808,295,464,1
6464,107.841,295,464,1
6466,107.874,295,464,1
6468,107.908,298,462,1
6470,107.941,298,462,1
6472,107.975,298,462,1
6474,108.008,298,462,1
6476,108.041,298,462,1
6478,108.075,298,462,1
6480,108.108,298,462,1
6482,108.141,298,462,1
6484,108.175,298,462,1
6486,108.208,298,462,1
6488,108.241,298,462,1
6490,108.275,298,462,1
6492,108.308,298,462,1
6494,108.342,298,462,1
6496,108.375,298,462,1
6498,108.408,298,462,1
6500,108.442,295,464,1
6502,108.475,295,464,1
6504,108.508,295,464,1
6506,108.542,295,464,1
6508,108.575,295,464,1
6510,108.609,295,464,1
6512,108.642,295,464,1
6514,108.675,295,464,1
6516,108.709,295,464,1
6518,108.742,295,464,1
6520,108.775,298,462,1
6522,108.809,298,462,1
6524,108.842,295,464,1
6526,108.875,295,464,1
6528,108.909,295,464,1
6530,108.942,295,464,1
6532,108.976,298,462,1
6534,109.009,298,462,1
6536,109.042,854,516,1
6538,109.076,854,516,1
6540,109.109,854,516,1
6542,109.142,854,516,1
6544,109.176,856,516,1
6546,109.209,856,516,1
6548,109.242,854,516,1
6550,109.276,854,516,1
6552,109.309,854,516,1
6554,109.343,298,462,1
6556,109.376,298,462,1
6558,109.409,298,462,1
6560,109.443,298,462,1
6562,109.476,298,462,1
6564,109.509,298,462,1
6566,109.543,298,462,1
6568,109.576,298,462,1
6570,109.609,298,462,1
6572,109.643,298,462,1
6574,109.676,298,462,1
6576,109.71,298,462,1
6578,109.743,298,462,1
6580,109.776,298,462,1
6582,109.81,298,462,1
6584,109.843,298,462,1
6586,109.876,298,462,1
6588,109.91,298,462,1
6590,109.943,298,462,1
6592,109.977,298,462,1
6594,110.01,298,462,1
6596,110.043,298,462,1
6598,110.077,298,462,1
6600,110.11,298,462,1
6602,110.143,298,462,1
6604,110.177,298,462,1
6606,110.21,298,462,1
6608,110.243,298,462,1
6610,110.277,298,462,1
6612,110.31,298,462,1
6614,110.344,298,462,1
6616,110.377,298,462,1
6618,110.41,298,462,1
6620,110.444,298,462,1
6622,110.477,298,462,1
6624,110.51,298,462,1
6626,110.544,298,462,1
6628,110.577,298,462,1
6630,110.611,298,462,1
6632,110.644,298,462,1
6634,110.677,298,462,1
6636,110.711,298,462,1
6638,110.744,298,462,1
6640,110.777,298,462,1
6642,110.811,295,464,1
6644,110.844,295,464,1
6646,110.877,298,462,1
6648,110.911,298,462,1
6650,110.944,298,462,1
6652,110.978,298,462,1
6654,111.011,298,462,1
6656,111.044,298,462,1
6658,111.078,298,462,1
6660,111.111,298,462,1
6662,111.144,298,462,1
6664,111.178,298,462,1
6666,111.211,298,462,1
6668,111.244,298,462,1
6670,111.278,298,462,1
6672,111.311,298,462,1
6674,111.345,298,462,1
6676,111.378,298,462,1
6678,111.411,298,462,1
6680,111.445,298,462,1
6682,111.478,854,516,1
6684,111.511,854,516,1
6686,111.545,301,462,1
6688,111.578,301,462,1
6690,111.612,298,462,1
6692,111.645,298,462,1
6694,111.678,854,516,1
6696,111.712,854,516,1
6698,111.745,298,462,1
6700,111.778,298,462,1
6702,111.812,298,462,1
6704,111.845,298,462,1
6706,111.878,298,462,1
6708,111.912,298,462,1
6710,111.945,295,464,1
6712,111.979,295,464,1
6714,112.012,295,457,1
6716,112.045,295,457,1
6718,112.079,295,457,1
6720,112.112,295,457,1
6722,112.145,61,413,1
6724,112.179,61,413,1
6726,112.212,61,413,1
6728,112.245,61,413,1
6730,112.279,61,413,1
6732,112.312,61,413,1
6734,112.346,61,413,1
6736,112.379,61,413,1
6738,112.412,61,413,1
6740,112.446,61,413,1
6742,112.479,59,408,1
6744,112.512,59,408,1
6746,112.546,59,408,1
6748,112.579,59,408,1
6750,112.612,61,413,1
6752,112.646,61,413,1
6754,112.679,61,413,1
6756,112.713,61,413,1
6758,112.746,61,413,1
6760,112.779,61,413,1
6762,112.813,61,413,1
6764,112.846,61,413,1
6766,112.879,61,413,1
6768,112.913,61,413,1
6770,112.946,61,413,1
6772,112.98,61,413,1
6774,113.013,61,413,1
6776,113.046,61,413,1
6778,113.08,61,413,1
6780,113.113,61,413,1
6782,113.146,59,408,1
6784,113.18,59,408,1
6786,113.213,59,408,1
6788,113.246,59,408,1
6790,113.28,64,413,1
6792,113.313,64,413,1
6794,113.347,59,411,1
6796,113.38,59,411,1
6798,113.413,61,413,1
6800,113.447,61,413,1
6802,113.48,61,413,1
6804,113.513,61,413,1
6806,113.547,61,413,1
6808,113.58,61,413,1
6810,113.614,61,413,1
6812,113.647,61,413,1
6814,113.68,59,416,1
6816,113.714,59,416,1
6818,113.747,59,416,1
6820,113.78,59,416,1
6822,113.814,59,416,1
6824,113.847,59,416,1
6826,113.88,61,413,1
6828,113.914,61,413,1
6830,113.947,61,413,1
6832,113.981,61,413,1
6834,114.014,61,413,1
6836,114.047,61,413,1
6838,114.081,61,413,1
6840,114.114,61,413,1
6842,114.147,61,413,1
6844,114.181,61,413,1
6846,114.214,61,413,1
6848,114.247,61,413,1
6850,114.281,59,416,1
6852,114.314,59,416,1
6854,114.348,59,413,1
6856,114.381,59,413,1
6858,114.414,61,413,1
6860,114.448,61,413,1
6862,114.481,61,413,1
6864,114.514,61,413,1
6866,114.548,61,413,1
6868,114.581,61,413,1
6870,114.615,59,416,1
6872,114.648,59,416,1
6874,114.681,61,413,1
6876,114.715,61,413,1
6878,114.748,61,413,1
6880,114.781,61,413,1
6882,114.815,61,413,1
6884,114.848,61,413,1
6886,114.881,457,404,1
6888,114.915,457,404,1
6890,114.948,457,404,1
6892,114.982,457,404,1
6894,115.015,457,404,1
6896,115.048,61,413,1
6898,115.082,61,413,1
6900,115.115,61,413,1
6902,115.148,61,413,1
6904,115.182,61,413,1
6906,115.215,61,413,1
6908,115.248,61,413,1
6910,115.282,61,413,1
6912,115.315,61,413,1
6914,115.349,61,413,1
6916,115.382,457,404,1
6918,115.415,457,404,1
6920,115.449,457,404,1
6922,115.482,457,404,1
6924,115.515,457,404,1
6926,115.549,61,413,1
6928,115.582,61,413,1
6930,115.615,59,418,1
6932,115.649,59,418,1
6934,115.682,61,413,1
6936,115.716,61,413,1
6938,115.749,457,404,1
6940,115.782,457,404,1
6942,115.816,61,413,1
6944,115.849,61,413,1
6946,115.882,61,413,1
6948,115.916,61,413,1
6950,115.949,61,413,1
6952,115.983,61,413,1
6954,116.016,61,413,1
6956,116.049,61,413,1
6958,116.083,61,413,1
6960,116.116,61,413,1
6962,116.149,61,413,1
6964,116.183,61,413,1
6966,116.216,61,413,1
6968,116.249,61,413,1
6970,116.283,59,411,1
6972,116.316,59,411,1
6974,116.35,61,413,1
6978,116.416,61,413,1
6980,116.45,61,413,1
6982,116.483,61,413,1
6984,116.516,61,413,1
6986,116.55,61,413,1
6988,116.583,61,413,1
6990,116.617,61,413,1
6992,116.65,61,413,1
6994,116.683,61,413,1
6996,116.717,457,404,1
6998,116.75,457,404,1
7000,116.783,457,404,1
7002,116.817,457,404,1
7004,116.85,457,404,1
7006,116.883,457,404,1
7012,116.984,459,404,1
7014,117.017,459,404,1
7016,117.05,459,404,1
7018,117.084,459,404,1
7020,117.117,459,404,1
7022,117.15,459,404,1
7024,117.184,459,404,1
7026,117.217,457,404,1
7028,117.25,458,405,1
7030,117.284,458,405,1
7032,117.317,458,405,1
7034,117.351,458,405,1
7036,117.384,458,405,1
7038,117.417,458,405,1
7040,117.451,458,405,1
7042,117.484,457,405,1
7044,117.517,457,404,1
7046,117.551,457,404,1
7048,117.584,459,404,1
7050,117.618,459,404,1
7052,117.651,459,404,1
7054,117.684,61,413,1
7056,117.718,61,413,1
7058,117.751,61,413,1
7060,117.784,61,413,1
7062,117.818,61,413,1
7064,117.851,61,413,1
7066,117.884,61,413,1
7068,117.918,61,413,1
7070,117.951,61,413,1
7072,117.985,61,413,1
7074,118.018,61,413,1
7076,118.051,61,413,1
7078,118.085,61,413,1
7080,118.118,61,413,1
7082,118.151,61,413,1
7084,118.185,61,413,1
7086,118.218,61,413,1
7088,118.251,61,413,1
7090,118.285,61,413,1
7092,118.318,61,413,1
7094,118.352,61,413,1
7096,118.385,61,413,1
7098,118.418,61,413,1
7100,118.452,61,413,1
7102,118.485,457,404,1
7104,118.518,457,404,1
7106,118.552,457,404,1
7108,118.585,457,404,1
7110,118.618,457,404,1
7112,118.652,457,404,1
7114,118.685,459,404,1
7116,118.719,459,404,1
7118,118.752,459,404,1
7120,118.785,459,404,1
7122,118.819,459,404,1
7124,118.852,459,404,1
7126,118.885,459,404,1
7128,118.919,459,404,1
7130,118.952,458,403,1
7132,118.986,457,405,1
7134,119.019,457,404,1
7136,119.052,457,404,1
7138,119.086,459,404,1
7140,119.119,458,403,1
7142,119.152,458,403,1
7144,119.186,12,417,1
7146,119.219,12,417,1
7148,119.252,61,413,1
7150,119.286,61,413,1
7152,119.319,61,413,1
7154,119.353,61,413,1
7156,119.386,61,413,1
7158,119.419,61,413,1
7160,119.453,61,413,1
7162,119.486,61,413,1
7164,119.519,61,413,1
7166,119.553,61,413,1
7168,119.586,457,404,1
7170,119.62,457,404,1
7172,119.653,457,404,1
7174,119.686,457,404,1
7176,119.72,457,404,1
7178,119.753,459,404,1
7180,119.786,459,404,1
7182,119.82,459,404,1
7184,119.853,459,404,1
7186,119.886,459,404,1
7188,119.92,457,404,1
7190,119.953,457,404,1
7192,119.987,459,404,1
7194,120.02,459,404,1
7196,120.053,459,404,1
7198,120.087,459,404,1
7200,120.12,459,404,1
7202,120.153,459,404,1
7204,120.187,459,404,1
7206,120.22,457,404,1
7208,120.253,457,404,1
7210,120.287,458,405,1
7212,120.32,458,405,1
7214,120.354,458,405,1
7216,120.387,458,405,1
7218,120.42,458,405,1
7220,120.454,61,413,1
7222,120.487,61,413,1
7224,120.52,61,413,1
7226,120.554,61,413,1
7228,120.587,59,416,1
7230,120.621,59,416,1
7232,120.654,61,413,1
7234,120.687,61,413,1
7236,120.721,61,413,1
7238,120.754,61,413,1
7240,120.787,61,413,1
7242,120.821,61,413,1
7244,120.854,457,404,1
7246,120.887,457,404,1
7248,120.921,61,413,1
7250,120.954,61,413,1
7252,120.988,59,411,1
7254,121.021,59,411,1
7256,121.054,457,404,1
7258,121.088,457,404,1
7260,121.121,59,411,1
7262,121.154,59,411,1
7264,121.188,61,413,1
7266,121.221,61,413,1
7268,121.254,457,404,1
7270,121.288,457,404,1
7272,121.321,457,404,1
7274,121.355,457,404,1
7276,121.388,61,413,1
7278,121.421,61,413,1
7280,121.455,61,413,1
7282,121.488,61,413,1
7284,121.521,59,408,1
7286,121.555,59,408,1
7288,121.588,61,413,1
7290,121.621,61,413,1
7292,121.655,59,416,1
7294,121.688,59,416,1
7296,121.722,59,416,1
7298,121.755,59,416,1
7300,121.788,457,404,1
7302,121.822,457,404,1
7304,121.855,457,404,1
7306,121.888,457,404,1
7308,121.922,59,416,1
7310,121.955,59,416,1
7320,122.122,61,413,1
7322,122.155,61,413,1
7324,122.189,61,413,1
7326,122.222,61,413,1
7328,122.255,61,413,1
7330,122.289,61,413,1
7332,122.322,61,413,1
7334,122.356,61,413,1
7336,122.389,457,404,1
7338,122.422,457,404,1
7340,122.456,457,404,1
7342,122.489,459,404,1
7344,122.522,459,404,1
7346,122.556,457,404,1
7348,122.589,457,404,1
7406,123.557,459,404,1
7408,123.59,458,405,1
7410,123.624,458,405,1
7412,123.657,458,405,1
7414,123.69,457,404,1
7416,123.724,459,404,1
7418,123.757,458,405,1
7420,123.79,458,405,1
7422,123.824,457,404,1
7424,123.857,459,404,1
7426,123.89,458,405,1
7428,123.924,458,405,1
7430,123.957,457,404,1
7432,123.991,457,404,1
7434,124.024,11,434,1
7436,124.057,11,434,1
7438,124.091,11,434,1
7440,124.124,11,434,1
7442,124.157,11,434,1
7444,124.191,11,434,1
7446,124.224,61,413,1
7448,124.257,61,413,1
7450,124.291,61,413,1
7452,124.324,61,413,1
7454,124.358,61,413,1
7456,124.391,61,413,1
7458,124.424,61,413,1
7460,124.458,61,413,1
7462,124.491,61,413,1
7464,124.524,61,413,1
7466,124.558,61,413,1
7468,124.591,61,413,1
7470,124.624,61,413,1
7472,124.658,61,413,1
7474,124.691,61,413,1
7476,124.725,61,413,1
7478,124.758,61,413,1
7480,124.791,61,413,1
7482,124.825,59,408,1
7484,124.858,59,408,1
7486,124.891,61,413,1
7488,124.925,61,413,1
7490,124.958,61,413,1
7492,124.992,61,413,1
7494,125.025,59,416,1
7496,125.058,59,416,1
7498,125.092,59,416,1
7500,125.125,59,416,1
7502,125.158,59,416,1
7504,125.192,59,416,1
7506,125.225,59,416,1
7508,125.258,59,416,1
7510,125.292,61,413,1
7512,125.325,61,413,1
7514,125.359,61,413,1
7516,125.392,61,413,1
7518,125.425,457,404,1
7520,125.459,457,404,1
7522,125.492,59,416,1
7524,125.525,59,416,1
7526,125.559,61,413,1
7528,125.592,61,413,1
7530,125.626,59,408,1
7532,125.659,59,408,1
7534,125.692,457,404,1
7536,125.726,457,404,1
7538,125.759,61,413,1
7540,125.792,61,413,1
7542,125.826,61,413,1
7544,125.859,61,413,1
7546,125.892,61,413,1
7548,125.926,61,413,1
7550,125.959,61,413,1
7552,125.993,61,413,1
7554,126.026,59,416,1
7556,126.059,59,416,1
7558,126.093,61,413,1
7560,126.126,61,413,1
7562,126.159,61,413,1
7564,126.193,61,413,1
7566,126.226,61,413,1
7568,126.259,61,413,1
7570,126.293,61,413,1
7572,126.326,61,413,1
7574,126.36,61,413,1
7576,126.393,61,413,1
7578,126.426,59,408,1
7580,126.46,59,408,1
7582,126.493,61,413,1
7584,126.526,61,413,1
7586,126.56,61,413,1
7588,126.593,61,413,1
7590,126.627,61,413,1
7592,126.66,61,413,1
7594,126.693,61,413,1
7596,126.727,61,413,1
7598,126.76,61,413,1
7600,126.793,61,413,1
7602,126.827,61,413,1
7604,126.86,61,413,1
7606,126.893,61,413,1
7608,126.927,61,413,1
7610,126.96,61,413,1
7612,126.994,61,413,1
7614,127.027,61,413,1
7616,127.06,61,413,1
7618,127.094,61,413,1
7620,127.127,61,413,1
7622,127.16,61,413,1
7624,127.194,61,413,1
7626,127.227,61,413,1
7628,127.26,61,413,1
7630,127.294,61,413,1
7632,127.327,61,413,1
7634,127.361,61,413,1
7636,127.394,61,413,1
7638,127.427,61,413,1
7640,127.461,61,413,1
7642,127.494,61,413,1
7644,127.527,61,413,1
7646,127.561,61,413,1
7648,127.594,61,413,1
7650,127.627,61,413,1
7652,127.661,61,413,1
7654,127.694,61,413,1
7656,127.728,61,413,1
7658,127.761,61,413,1
7660,127.794,61,413,1
7662,127.828,61,413,1
7664,127.861,61,413,1
7666,127.894,61,413,1
7668,127.928,61,413,1
7670,127.961,61,413,1
7672,127.995,61,413,1
7674,128.028,61,413,1
7676,128.061,61,413,1
7678,128.095,61,413,1
7680,128.128,61,413,1
7682,128.161,61,413,1
7684,128.195,61,413,1
7686,128.228,61,413,1
7688,128.261,61,413,1
7690,128.295,61,413,1
7692,128.328,61,413,1
7694,128.362,61,413,1
7696,128.395,61,413,1
7698,128.428,61,413,1
7700,128.462,61,413,1
7702,128.495,61,413,1
7704,128.528,61,413,1
7706,128.562,61,413,1
7708,128.595,61,413,1
7710,128.629,457,404,1
7712,128.662,457,404,1
7714,128.695,457,404,1
7716,128.729,457,404,1
7718,128.762,457,404,1
7720,128.795,457,404,1
7722,128.829,459,404,1
7724,128.862,459,404,1
7726,128.895,459,404,1
7728,128.929,459,404,1
7730,128.962,459,404,1
7732,128.996,458,403,1
7734,129.029,459,404,1
7736,129.062,457,404,1
7738,129.096,457,404,1
7740,129.129,59,416,1
7742,129.162,59,416,1
7744,129.196,61,413,1
7746,129.229,61,413,1
7748,129.262,61,413,1
7750,129.296,61,413,1
7752,129.329,61,413,1
7754,129.363,61,413,1
7756,129.396,61,413,1
7758,129.429,61,413,1
7760,129.463,61,413,1
7762,129.496,61,413,1
7764,129.529,61,413,1
7766,129.563,61,413,1
7768,129.596,61,413,1
7770,129.63,61,413,1
7772,129.663,61,413,1
7774,129.696,61,413,1
7776,129.73,61,413,1
7778,129.763,61,413,1
7780,129.796,61,413,1
7782,129.83,61,413,1
7784,129.863,61,413,1
7786,129.896,61,413,1
7788,129.93,61,413,1
7790,129.963,61,413,1
7792,129.997,61,413,1
7794,130.03,61,413,1
7796,130.063,61,413,1
7798,130.097,61,413,1
7800,130.13,61,413,1
7802,130.163,61,413,1
7804,130.197,61,413,1
7806,130.23,61,413,1
7808,130.263,61,413,1
7810,130.297,61,413,1
7812,130.33,61,413,1
7814,130.364,61,413,1
7816,130.397,61,413,1
7818,130.43,61,413,1
7820,130.464,61,413,1
7822,130.497,61,413,1
7824,130.53,457,404,1
7826,130.564,457,404,1
7828,130.597,457,404,1
7830,130.631,457,404,1
7832,130.664,459,404,1
7834,130.697,459,404,1
7836,130.731,459,404,1
7838,130.764,459,404,1
7840,130.797,457,404,1
7842,130.831,457,404,1
7844,130.864,61,413,1
7846,130.897,61,413,1
7848,130.931,61,413,1
7850,130.964,61,413,1
7852,130.998,61,413,1
7854,131.031,61,413,1
7856,131.064,61,413,1
7858,131.098,61,413,1
7860,131.131,61,413,1
7862,131.164,61,413,1
7864,131.198,61,413,1
7866,131.231,61,413,1
7868,131.264,61,413,1
7870,131.298,61,413,1
7872,131.331,61,413,1
7874,131.365,61,413,1
7876,131.398,59,413,1
7878,131.431,59,413,1
7880,131.465,61,413,1
7882,131.498,61,413,1
7884,131.531,61,413,1
7886,131.565,61,413,1
7888,131.598,61,413,1
7890,131.631,61,413,1
7892,131.665,61,413,1
7894,131.698,61,413,1
7896,131.732,61,413,1
7898,131.765,61,413,1
7900,131.798,61,413,1
7902,131.832,61,413,1
7904,131.865,61,413,1
7906,131.898,61,413,1
7908,131.932,61,413,1
7910,131.965,61,413,1
7912,131.999,61,413,1
7914,132.032,61,413,1
7916,132.065,61,413,1
7918,132.099,61,413,1
7920,132.132,61,413,1
7922,132.165,61,413,1
7924,132.199,61,413,1
7926,132.232,61,413,1
7928,132.265,61,413,1
7930,132.299,61,413,1
7932,132.332,61,413,1
7934,132.366,61,413,1
7936,132.399,61,413,1
7938,132.432,61,413,1
7940,132.466,61,413,1
7942,132.499,61,413,1
7944,132.532,61,413,1
7946,132.566,61,413,1
7948,132.599,61,413,1
7950,132.632,61,413,1
7952,132.666,61,413,1
7954,132.699,61,413,1
7956,132.733,61,413,1
7958,132.766,61,413,1
7960,132.799,61,413,1
7962,132.833,61,413,1
7964,132.866,61,413,1
7966,132.899,61,413,1
7968,132.933,61,413,1
7970,132.966,61,413,1
7972,133.0,61,413,1
7974,133.033,61,413,1
7976,133.066,61,413,1
7978,133.1,61,413,1
7980,133.133,61,413,1
7982,133.166,61,413,1
7984,133.2,61,413,1
7986,133.233,61,413,1
7988,133.266,61,413,1
7990,133.3,61,413,1
7992,133.333,61,413,1
7994,133.367,61,413,1
7996,133.4,61,413,1
7998,133.433,61,413,1
8000,133.467,61,413,1
8002,133.5,61,413,1
8004,133.533,61,413,1
8006,133.567,61,413,1
8008,133.6,61,413,1
8010,133.633,61,413,1
8012,133.667,61,413,1
8014,133.7,61,413,1
8016,133.734,61,413,1
8018,133.767,61,413,1
8020,133.8,61,413,1
8022,133.834,61,413,1
8024,133.867,61,413,1
8026,133.9,61,413,1
8028,133.934,61,413,1
8030,133.967,61,413,1
8032,134.001,61,413,1
8034,134.034,61,413,1
8036,134.067,61,413,1
8038,134.101,61,413,1
8040,134.134,61,413,1
8042,134.167,61,413,1
8044,134.201,61,413,1
8046,134.234,61,413,1
8048,134.267,61,413,1
8050,134.301,61,413,1
8052,134.334,61,413,1
8054,134.368,61,413,1
8056,134.401,457,404,1
8058,134.434,457,404,1
8060,134.468,457,404,1
8062,134.501,457,404,1
8064,134.534,59,413,1
8066,134.568,59,413,1
8068,134.601,61,413,1
8070,134.635,61,413,1
8072,134.668,61,413,1
8074,134.701,61,413,1
8076,134.735,61,413,1
8078,134.768,61,413,1
8080,134.801,61,413,1
8082,134.835,61,413,1
8084,134.868,61,413,1
8086,134.901,61,413,1
8088,134.935,61,413,1
8090,134.968,61,413,1
8092,135.002,61,413,1
8094,135.035,61,413,1
8096,135.068,61,413,1
8098,135.102,61,413,1
8100,135.135,61,413,1
8102,135.168,61,413,1
8104,135.202,61,413,1
8106,135.235,61,413,1
8108,135.268,61,413,1
8110,135.302,61,413,1
8112,135.335,61,413,1
8114,135.369,61,413,1
8116,135.402,457,404,1
8118,135.435,457,404,1
8120,135.469,61,413,1
8122,135.502,61,413,1
8124,135.535,61,413,1
8126,135.569,61,413,1
8128,135.602,61,413,1
8130,135.636,61,413,1
8132,135.669,61,413,1
8134,135.702,61,413,1
8136,135.736,61,413,1
8138,135.769,61,413,1
8140,135.802,61,413,1
8142,135.836,61,413,1
8144,135.869,61,413,1
8146,135.902,61,413,1
8148,135.936,61,413,1
8150,135.969,61,413,1
8152,136.003,61,413,1
8154,136.036,61,413,1
8156,136.069,61,413,1
8158,136.103,61,413,1
8160,136.136,61,413,1
8162,136.169,61,413,1
8164,136.203,61,413,1
8166,136.236,61,413,1
8168,136.269,61,413,1
8170,136.303,61,413,1
8172,136.336,61,413,1
8174,136.37,61,413,1
8176,136.403,61,413,1
8178,136.436,61,413,1
8180,136.47,61,413,1
8182,136.503,61,413,1
8184,136.536,59,416,1
8186,136.57,59,416,1
8188,136.603,59,416,1
8190,136.637,59,416,1
8192,136.67,59,408,1
8194,136.703,59,408,1
8196,136.737,61,413,1
8198,136.77,61,413,1
8200,136.803,61,413,1
8202,136.837,61,413,1
8204,136.87,61,413,1
8206,136.903,61,413,1
8208,136.937,,,0
8210,136.97,,,0
8212,137.004,,,0
8214,137.037,,,0
8216,137.07,,,0
8218,137.104,,,0
8220,137.137,,,0
8222,137.17,,,0
8224,137.204,,,0
8226,137.237,,,0
8228,137.27,,,0
8230,137.304,,,0
8232,137.337,,,0
8234,137.371,,,0
8236,137.404,,,0
8238,137.437,,,0
8240,137.471,,,0
8242,137.504,,,0
8244,137.537,,,0
8246,137.571,,,0
8248,137.604,,,0
8250,137.637,87,364,1
8252,137.671,87,364,1
8254,137.704,61,413,1
8256,137.738,61,413,1
8258,137.771,61,413,1
8260,137.804,61,413,1
8262,137.838,56,416,1
8264,137.871,56,416,1
8266,137.904,457,404,1
8268,137.938,457,404,1
8270,137.971,457,404,1
8272,138.005,457,404,1
8274,138.038,457,404,1
8276,138.071,457,404,1
8278,138.105,457,404,1
8280,138.138,459,404,1
8282,138.171,459,404,1
8284,138.205,459,404,1
8286,138.238,459,404,1
8288,138.271,459,404,1
8290,138.305,459,404,1
8292,138.338,459,404,1
8294,138.372,459,404,1
8296,138.405,459,404,1
8298,138.438,459,404,1
8300,138.472,61,413,1
8302,138.505,61,413,1
8304,138.538,61,413,1
8310,138.638,61,413,1
8312,138.672,61,413,1
8314,138.705,61,413,1
8316,138.739,61,413,1
8318,138.772,61,413,1
8320,138.805,61,413,1
8322,138.839,61,413,1
8324,138.872,61,413,1
8326,138.905,61,413,1
8328,138.939,61,413,1
8330,138.972,61,413,1
8332,139.006,61,413,1
8334,139.039,61,413,1
8336,139.072,61,413,1
8338,139.106,61,413,1
8340,139.139,59,408,1
8342,139.172,59,408,1
8344,139.206,457,404,1
8346,139.239,457,404,1
8348,139.272,59,416,1
8350,139.306,59,416,1
8352,139.339,59,416,1
8354,139.373,59,416,1
8356,139.406,61,413,1
8358,139.439,61,413,1
8360,139.473,59,416,1
8362,139.506,59,416,1
8364,139.539,61,413,1
8366,139.573,61,413,1
8368,139.606,59,416,1
8370,139.639,59,416,1
8372,139.673,457,404,1
8374,139.706,457,404,1
8376,139.74,59,416,1
8378,139.773,59,416,1
8380,139.806,59,416,1
8382,139.84,59,416,1
8384,139.873,59,416,1
8386,139.906,59,416,1
8388,139.94,59,408,1
8390,139.973,59,408,1
8392,140.007,61,413,1
8394,140.04,61,413,1
8396,140.073,457,404,1
8398,140.107,457,404,1
8400,140.14,59,416,1
8402,140.173,59,416,1
8404,140.207,59,416,1
8406,140.24,59,416,1
8408,140.273,59,413,1
8410,140.307,59,413,1
8412,140.34,59,413,1
8414,140.374,59,413,1
8416,140.407,59,416,1
8418,140.44,59,416,1
8420,140.474,59,413,1
8422,140.507,59,413,1
8424,140.54,61,413,1
8426,140.574,61,413,1
8428,140.607,61,413,1
8430,140.641,61,413,1
8432,140.674,61,413,1
8434,140.707,61,413,1
8436,140.741,61,413,1
8438,140.774,61,413,1
8440,140.807,61,413,1
8442,140.841,61,413,1
8444,140.874,61,413,1
8446,140.907,61,413,1
8448,140.941,61,413,1
8450,140.974,61,413,1
8452,141.008,61,413,1
8454,141.041,61,413,1
8456,141.074,61,413,1
8458,141.108,61,413,1
8460,141.141,61,413,1
8462,141.174,61,413,1
8464,141.208,61,413,1
8466,141.241,61,413,1
8468,141.274,61,413,1
8470,141.308,61,413,1
8472,141.341,61,413,1
8474,141.375,61,413,1
8476,141.408,61,413,1
8478,141.441,61,413,1
8480,141.475,61,413,1
8482,141.508,61,413,1
8484,141.541,61,413,1
8486,141.575,61,413,1
8488,141.608,61,413,1
8490,141.642,61,413,1
8492,141.675,61,413,1
8494,141.708,61,413,1
8496,141.742,59,416,1
8498,141.775,59,416,1
8500,141.808,59,416,1
8502,141.842,59,416,1
8504,141.875,59,416,1
8506,141.908,59,416,1
8508,141.942,61,413,1
8510,141.975,61,413,1
8512,142.009,457,404,1
8514,142.042,457,404,1
8516,142.075,457,404,1
8518,142.109,457,404,1
8520,142.142,59,416,1
8522,142.175,59,416,1
8524,142.209,59,416,1
8526,142.242,59,416,1
8528,142.275,61,413,1
8530,142.309,61,413,1
8532,142.342,59,416,1
8534,142.376,59,416,1
8536,142.409,59,416,1
8538,142.442,59,416,1
8540,142.476,59,416,1
8542,142.509,59,416,1
8544,142.542,61,413,1
8546,142.576,61,413,1
8548,142.609,61,413,1
8550,142.643,61,413,1
8552,142.676,61,413,1
8554,142.709,61,413,1
8556,142.743,457,404,1
8558,142.776,457,404,1
8560,142.809,457,404,1
8562,142.843,457,404,1
8564,142.876,59,416,1
8566,142.909,59,416,1
8568,142.943,457,404,1
8570,142.976,457,404,1
8572,143.01,457,404,1
8574,143.043,457,404,1
8576,143.076,59,416,1
8578,143.11,59,416,1
8582,143.176,59,416,1
8584,143.21,59,416,1
8586,143.243,59,416,1
8588,143.276,59,416,1
8590,143.31,59,416,1
8592,143.343,59,416,1
8594,143.377,61,413,1
8596,143.41,61,413,1
8598,143.443,61,413,1
8600,143.477,61,413,1
8602,143.51,61,413,1
8604,143.543,61,413,1
8606,143.577,61,413,1
8608,143.61,61,413,1
8610,143.643,61,413,1
8612,143.677,61,413,1
8614,143.71,61,413,1
8616,143.744,61,413,1
8618,143.777,61,413,1
8620,143.81,61,413,1
8622,143.844,61,413,1
8624,143.877,61,413,1
8626,143.91,61,413,1
8628,143.944,61,413,1
8630,143.977,61,413,1
8632,144.011,61,413,1
8634,144.044,61,413,1
8636,144.077,61,413,1
8638,144.111,59,408,1
8640,144.144,59,408,1
8668,144.611,61,413,1
8670,144.644,61,413,1
8672,144.678,61,413,1
8674,144.711,61,413,1
8676,144.745,61,413,1
8678,144.778,61,413,1
8680,144.811,61,413,1
8682,144.845,61,413,1
8684,144.878,61,413,1
8686,144.911,61,413,1
8688,144.945,61,413,1
8690,144.978,61,413,1
8692,145.012,61,413,1
8694,145.045,61,413,1
8696,145.078,61,413,1
8698,145.112,61,413,1
8700,145.145,61,413,1
8702,145.178,61,413,1
8704,145.212,61,413,1
8706,145.245,61,413,1
8708,145.278,61,413,1
8710,145.312,61,413,1
8712,145.345,61,413,1
8714,145.379,61,413,1
8716,145.412,61,413,1
8718,145.445,61,413,1
8720,145.479,61,413,1
8722,145.512,61,413,1
8724,145.545,61,413,1
8726,145.579,61,413,1
8728,145.612,61,413,1
8730,145.645,61,413,1
8732,145.679,61,413,1
8734,145.712,61,413,1
8736,145.746,61,413,1
8738,145.779,61,413,1
8740,145.812,61,413,1
8742,145.846,61,413,1
8744,145.879,61,413,1
8746,145.912,61,413,1
8748,145.946,61,413,1
8750,145.979,61,413,1
8752,146.013,61,413,1
8754,146.046,61,413,1
8756,146.079,59,408,1
8758,146.113,59,408,1
8760,146.146,59,416,1
8762,146.179,59,416,1
8764,146.213,61,413,1
8766,146.246,61,413,1
8768,146.279,61,413,1
8770,146.313,61,413,1
8772,146.346,61,413,1
8774,146.38,61,413,1
8776,146.413,61,413,1
8778,146.446,61,413,1
8780,146.48,61,413,1
8782,146.513,61,413,1
8784,146.546,61,413,1
8786,146.58,61,413,1
8788,146.613,61,413,1
8790,146.647,61,413,1
8792,146.68,61,413,1
8794,146.713,61,413,1
8796,146.747,61,413,1
8798,146.78,61,413,1
8800,146.813,61,413,1
8802,146.847,61,413,1
8804,146.88,61,413,1
8806,146.913,61,413,1
8808,146.947,61,413,1
8810,146.98,61,413,1
8812,147.014,59,416,1
8814,147.047,59,416,1
8816,147.08,61,413,1
8818,147.114,61,413,1
8820,147.147,61,413,1
8822,147.18,61,413,1
8824,147.214,61,413,1
8826,147.247,61,413,1
8828,147.28,61,413,1
8830,147.314,61,413,1
8832,147.347,59,416,1
8834,147.381,59,416,1
8836,147.414,59,416,1
8838,147.447,59,416,1
8840,147.481,460,404,1
8842,147.514,460,404,1
8844,147.547,460,404,1
8846,147.581,461,404,1
8848,147.614,460,404,1
8850,147.648,460,403,1
8852,147.681,460,404,1
8854,147.714,461,404,1
8856,147.748,460,403,1
8858,147.781,460,404,1
8860,147.814,460,404,1
8862,147.848,461,405,1
8864,147.881,461,404,1
8866,147.914,460,404,1
8868,147.948,460,404,1
8870,147.981,459,404,1
8872,148.015,461,405,1
8874,148.048,460,404,1
8876,148.081,460,404,1
8878,148.115,460,404,1
8880,148.148,460,404,1
8882,148.181,461,405,1
8884,148.215,461,404,1
8886,148.248,460,404,1
8888,148.281,460,404,1
8890,148.315,460,404,1
8892,148.348,461,404,1
8894,148.382,461,404,1
8896,148.415,460,404,1
8898,148.448,460,404,1
8900,148.482,460,404,1
8902,148.515,460,404,1
8904,148.548,461,404,1
8906,148.582,461,404,1
8908,148.615,460,404,1
8910,148.649,460,404,1
8912,148.682,460,404,1
8914,148.715,460,404,1
8916,148.749,461,404,1
8918,148.782,461,404,1
8920,148.815,460,404,1
8922,148.849,460,404,1
8924,148.882,460,404,1
8926,148.915,460,404,1
8928,148.949,460,404,1
8930,148.982,461,405,1
8932,149.016,461,404,1
8934,149.049,461,404,1
8936,149.082,460,404,1
8938,149.116,1152,475,1
8940,149.149,1152,475,1
8942,149.182,1152,475,1
8944,149.216,1152,475,1
8946,149.249,1154,475,1
8948,149.282,1154,475,1
8950,149.316,1154,475,1
8952,149.349,1152,475,1
8954,149.383,1152,475,1
8956,149.416,1152,475,1
8958,149.449,1152,475,1
8960,149.483,1152,475,1
8962,149.516,1154,476,1
8964,149.549,1154,476,1
8966,149.583,912,249,1
8968,149.616,912,249,1
8970,149.649,489,511,1
8972,149.683,489,511,1
8974,149.716,489,511,1
8976,149.75,489,511,1
8978,149.783,489,511,1
8980,149.816,489,511,1
8982,149.85,489,511,1
8984,149.883,489,511,1
8986,149.916,489,511,1
8988,149.95,489,511,1
8990,149.983,489,511,1
8992,150.017,489,511,1
8994,150.05,1148,473,1
8996,150.083,1148,473,1
8998,150.117,489,511,1
9000,150.15,489,511,1
9002,150.183,489,511,1
9004,150.217,489,511,1
9006,150.25,489,511,1
9008,150.283,489,511,1
9010,150.317,489,511,1
9012,150.35,489,511,1
9014,150.384,489,511,1
9016,150.417,489,511,1
9018,150.45,485,514,1
9020,150.484,485,514,1
9022,150.517,489,511,1
9024,150.55,489,511,1
9026,150.584,489,511,1
9028,150.617,489,511,1
9030,150.65,489,511,1
9032,150.684,489,511,1
9034,150.717,489,511,1
9036,150.751,489,511,1
9038,150.784,489,511,1
9040,150.817,489,511,1
9042,150.851,489,511,1
9044,150.884,489,511,1
9046,150.917,489,511,1
9048,150.951,489,511,1
9050,150.984,489,511,1
9052,151.018,489,511,1
9054,151.051,489,511,1
9056,151.084,489,511,1
9058,151.118,489,511,1
9060,151.151,489,511,1
9062,151.184,489,511,1
9064,151.218,489,511,1
9066,151.251,489,511,1
9068,151.284,489,511,1
9070,151.318,489,511,1
9072,151.351,489,511,1
9074,151.385,489,511,1
9076,151.418,489,511,1
9078,151.451,489,511,1
9080,151.485,489,511,1
9082,151.518,489,511,1
9084,151.551,489,511,1
9086,151.585,489,511,1
9088,151.618,489,511,1
9090,151.651,489,511,1
9092,151.685,489,511,1
9094,151.718,489,511,1
9096,151.752,489,511,1
9098,151.785,489,511,1
9100,151.818,489,511,1
9102,151.852,489,511,1
9104,151.885,489,511,1
9106,151.918,489,511,1
9108,151.952,489,511,1
9110,151.985,489,511,1
9112,152.019,489,511,1
9114,152.052,489,511,1
9116,152.085,489,511,1
9118,152.119,489,511,1
9120,152.152,489,511,1
9122,152.185,485,514,1
9124,152.219,485,514,1
9126,152.252,1148,475,1
9128,152.285,1148,475,1
9130,152.319,1148,475,1
9132,152.352,1148,475,1
9134,152.386,1148,475,1
9136,152.419,1150,475,1
9138,152.452,1150,475,1
9140,152.486,1150,475,1
9142,152.519,1150,475,1
9144,152.552,1150,475,1
9146,152.586,1150,475,1
9148,152.619,1148,474,1
9150,152.653,1148,477,1
9152,152.686,1148,475,1
9154,152.719,1148,475,1
9156,152.753,1150,476,1
9158,152.786,1148,475,1
9160,152.819,1148,474,1
9162,152.853,1148,477,1
9164,152.886,1148,475,1
9166,152.919,1148,475,1
9168,152.953,1148,477,1
9170,152.986,1148,475,1
9172,153.02,1148,475,1
9174,153.053,1148,475,1
9176,153.086,485,514,1
9178,153.12,485,514,1
9180,153.153,485,514,1
9182,153.186,485,514,1
9184,153.22,489,511,1
9186,153.253,489,511,1
9188,153.286,489,511,1
9190,153.32,489,511,1
9192,153.353,489,511,1
9194,153.387,489,511,1
9196,153.42,489,511,1
9198,153.453,489,511,1
9200,153.487,489,511,1
9202,153.52,489,511,1
9204,153.553,489,511,1
9206,153.587,489,511,1
9208,153.62,489,511,1
9210,153.654,489,511,1
9212,153.687,489,511,1
9214,153.72,489,511,1
9216,153.754,489,511,1
9218,153.787,489,511,1
9220,153.82,489,511,1
9222,153.854,489,511,1
9224,153.887,489,511,1
9226,153.92,489,511,1
9228,153.954,489,511,1
9230,153.987,489,511,1
9232,154.021,489,511,1
9234,154.054,489,511,1
9236,154.087,489,511,1
9238,154.121,489,511,1
9240,154.154,485,514,1
9242,154.187,485,514,1
9244,154.221,489,511,1
9246,154.254,489,511,1
9248,154.287,489,511,1
9250,154.321,489,511,1
9252,154.354,489,511,1
9254,154.388,489,511,1
9256,154.421,489,511,1
9258,154.454,489,511,1
9260,154.488,485,511,1
9262,154.521,485,511,1
9264,154.554,489,511,1
9266,154.588,489,511,1
9268,154.621,489,511,1
9270,154.655,489,511,1
9272,154.688,489,511,1
9274,154.721,489,511,1
9276,154.755,489,511,1
9278,154.788,489,511,1
9280,154.821,489,511,1
9282,154.855,489,511,1
9284,154.888,489,511,1
9286,154.921,489,511,1
9288,154.955,489,511,1
9290,154.988,489,511,1
9292,155.022,489,511,1
9294,155.055,489,511,1
9296,155.088,489,511,1
9298,155.122,489,511,1
9300,155.155,489,511,1
9302,155.188,489,511,1
9304,155.222,489,511,1
9306,155.255,489,511,1
9308,155.288,489,511,1
9310,155.322,489,511,1
9312,155.355,489,511,1
9314,155.389,489,511,1
9316,155.422,489,511,1
9318,155.455,489,511,1
9320,155.489,489,511,1
9322,155.522,489,511,1
9324,155.555,489,511,1
9326,155.589,489,511,1
9328,155.622,489,511,1
9330,155.655,489,511,1
9332,155.689,489,511,1
9334,155.722,489,511,1
9336,155.756,485,514,1
9338,155.789,485,514,1
9340,155.822,489,511,1
9342,155.856,489,511,1
9344,155.889,489,511,1
9346,155.922,489,511,1
9348,155.956,484,509,1
9350,155.989,484,509,1
9352,156.023,484,506,1
9354,156.056,484,506,1
9356,156.089,489,511,1
9358,156.123,489,511,1
9360,156.156,1148,475,1
9362,156.189,1148,475,1
9364,156.223,1148,475,1
9366,156.256,1148,475,1
9368,156.289,1148,475,1
9370,156.323,1150,475,1
9372,156.356,1150,475,1
9374,156.39,1150,475,1
9376,156.423,1150,475,1
9378,156.456,1148,475,1
9380,156.49,1148,475,1
9382,156.523,1150,476,1
9384,156.556,1150,476,1
9386,156.59,1150,475,1
9388,156.623,1148,474,1
9390,156.656,1150,476,1
9392,156.69,1150,475,1
9394,156.723,1148,474,1
9396,156.757,1150,476,1
9398,156.79,1148,475,1
9400,156.823,1148,475,1
9402,156.857,406,537,1
9404,156.89,406,537,1
9406,156.923,406,537,1
9408,156.957,406,537,1
9410,156.99,406,537,1
9412,157.024,406,537,1
9414,157.057,406,537,1
9416,157.09,406,537,1
9418,157.124,406,537,1
9420,157.157,406,537,1
9422,157.19,406,537,1
9424,157.224,408,536,1
9426,157.257,408,536,1
9428,157.29,408,536,1
9430,157.324,408,536,1
9432,157.357,408,536,1
9434,157.391,409,538,1
9436,157.424,409,538,1
9438,157.457,409,538,1
9440,157.491,409,538,1
9442,157.524,409,538,1
9444,157.557,407,538,1
9446,157.591,407,538,1
9448,157.624,407,538,1
9450,157.657,409,538,1
9452,157.691,409,538,1
9454,157.724,408,536,1
9456,157.758,408,536,1
9458,157.791,408,536,1
9460,157.824,408,536,1
9462,157.858,408,536,1
9464,157.891,408,536,1
9466,157.924,408,536,1
9468,157.958,409,538,1
9470,157.991,407,538,1
9472,158.025,407,538,1
9474,158.058,409,538,1
9476,158.091,409,538,1
9478,158.125,409,538,1
9480,158.158,409,538,1
9482,158.191,489,511,1
9484,158.225,489,511,1
9486,158.258,485,514,1
9488,158.291,485,514,1
9490,158.325,485,514,1
9492,158.358,485,514,1
9494,158.392,485,514,1
9496,158.425,485,514,1
9498,158.458,489,511,1
9500,158.492,489,511,1
9502,158.525,489,511,1
9504,158.558,489,511,1
9506,158.592,489,511,1
9508,158.625,489,511,1
9510,158.659,485,514,1
9512,158.692,485,514,1
9514,158.725,1148,475,1
9516,158.759,1148,475,1
9518,158.792,485,514,1
9520,158.825,485,514,1
9522,158.859,485,514,1
9524,158.892,485,514,1
9526,158.925,489,511,1
9528,158.959,489,511,1
9530,158.992,1148,475,1
9532,159.026,1148,475,1
9534,159.059,489,511,1
9536,159.092,489,511,1
9538,159.126,485,514,1
9540,159.159,485,514,1
9542,159.192,254,505,1
9544,159.226,254,505,1
9546,159.259,258,502,1
9548,159.292,258,502,1
9550,159.326,258,502,1
9552,159.359,258,502,1
9554,159.393,258,502,1
9556,159.426,258,502,1
9558,159.459,258,502,1
9560,159.493,258,502,1
9562,159.526,258,502,1
9564,159.559,258,502,1
9566,159.593,258,502,1
9568,159.626,258,502,1
9570,159.66,258,502,1
9572,159.693,258,502,1
9574,159.726,258,502,1
9576,159.76,258,502,1
9578,159.793,258,502,1
9580,159.826,258,502,1
9582,159.86,258,502,1
9584,159.893,258,502,1
9586,159.926,854,483,1
9588,159.96,854,481,1
9590,159.993,854,484,1
9592,160.027,854,484,1
9594,160.06,854,484,1
9596,160.093,854,484,1
